_id,source,author,content,description,document_type,extraction_timestamp,publishedAt,title,url,urlToImage,date,type,language,rating,content_hash,record_date,overview,mention_date,mention_year
69ce9d979d3427d3654d3276,newsapi_Apple_page_2.json,Jusuf Hatic,"Tim Cook hatte so einige Produkte in seiner Zeit als Apple-CEO zu verantworten natürlich auch mit einigen Fehltritten. (© Apple) Wenige Tage nach der Ankündigung, dass Tim Cook von seinem Posten als… [+2604 chars]","Nach über 15 Jahren hört Tim Cook als Apple-CEO auf und nutzt die Gegenwart auch, um diese Zeit Revue passieren zu lassen. Dabei gesteht er seinen »ersten großen Fehler« seiner Amtszeit ein.",json,2026-04-25 20:39:13.673000+00:00,2026-04-24 19:59:00+00:00,News: Nach Rücktritt - »Mein erster großer Fehler«: Tim Cook blickt auf seine Zeit als Apple-CEO zurück,"https://www.gamestar.de/artikel/,3452032.html",https://images.cgames.de/images/gamestar/293/apple-ceo-tim-cook-schaut-fragend_6252141.jpg,,Unknown,Unknown,4.5,,,"Nach über 15 Jahren hört Tim Cook als Apple-CEO auf und nutzt die Gegenwart auch, um diese Zeit Revue passieren zu lassen. Dabei gesteht er seinen »ersten großen Fehler« seiner Amtszeit ein.",2026-04-24 00:00:00+00:00,2026
69ce9d979d3427d3654d3278,sample.csv,Alex Brown,Unknown,Unknown,csv,2026-04-25 20:39:14.090000+00:00,,Apple doesnt lawsuit,,,2026-03-02 00:00:00+00:00,Unknown,Unknown,2.9,,,Unknown,2026-03-02 00:00:00+00:00,2026
69ce9d979d3427d3654d3279,sample.xml,Alex Brown,Unknown,Unknown,xml,2026-04-25 20:39:14.100000+00:00,,Apple faces lawsuit,,,2026-03-03 00:00:00+00:00,Unknown,Unknown,4.1,,,Unknown,2026-03-03 00:00:00+00:00,2026
69ed2b5ef527cb7a1c1159e2,newsapi_Apple_page_1.json,Juli Clover,"Apple is planning to start showing ads in the Apple Maps app this summer, and signs of ads have already shown up in the iOS 26.5 beta as Apple prepares to roll them out. Where Ads Show Up Ads will … [+1818 chars]","Apple is planning to start showing ads in the Apple Maps app this summer, and signs of ads have already shown up in the iOS 26.5 beta as Apple prepares to roll them out. Where Ads Show Up Ads will be displayed in the ‌Apple Maps‌ search interface. Dep…",json,2026-04-25 21:11:28.488000+00:00,2026-04-24 20:58:00+00:00,Ads Are Coming to Apple Maps This Summer: Here's What to Expect,https://www.macrumors.com/2026/04/24/apple-maps-ads-what-to-expect/,https://images.macrumors.com/t/L7-hmAsT-RaznAYtRRiKCEtcD40=/2330x/article-new/2026/03/Ads-Are-Coming-to-Apple-Maps-Feature.jpg,,Unknown,Unknown,5.0,,,"Apple is planning to start showing ads in the Apple Maps app this summer, and signs of ads have already shown up in the iOS 26.5 beta as Apple prepares to roll them out. Where Ads Show Up Ads will be displayed in the ‌Apple Maps‌ search interface. Dep…",2026-04-24 00:00:00+00:00,2026
69ed2b5ef527cb7a1c1159eb,newsapi_Apple_page_1.json,sara.schwartz@expressen.se (Sara Schwartz Wiman),Den ideella föreningen Biosfärområde på Österlen verkar för hållbar utveckling och vill värna natur- och kulturmiljöer i området. Föreningen har ett färgglatt äpple som logga. Det har det amerikansk… [+661 chars],"Techjätten Apple verkar inte vara så sugna på att dela med sig av frukten. Tidigare i år försökte man få en liten ideell förening i Österlen att ändra sin äppellogga, rapporterar Ystads Allehanda.",json,2026-04-25 21:02:33.444000+00:00,2026-04-24 20:42:58+00:00,Apple ville sätta stopp för föreningslogga i Österlen,https://www.expressen.se/nyheter/sverige/apple-ville-satta-stopp-for-foreningslogga-i-osterlen/,https://static.bonniernews.se/images/27/8e/278e97d5753447f28f18eb003d07e276/16x9/original.png,,Unknown,Unknown,4.7,,,"Techjätten Apple verkar inte vara så sugna på att dela med sig av frukten. Tidigare i år försökte man få en liten ideell förening i Österlen att ändra sin äppellogga, rapporterar Ystads Allehanda.",2026-04-24 00:00:00+00:00,2026
69ed2b5ef527cb7a1c1159ef,newsapi_Apple_page_1.json,feedfeeder,The Fine Print: The following comments are owned by whoever posted them. We are not responsible for them in any way.,20th Anniversary iPhone to Feature Custom 'Micro-Curved' OLED PanelMacRumors Leaker details next year’s ‘iPhone 20’ display features9to5Mac Apple Has Grand Plans For The iPhone Display And Samsung Is Making That A Reality By Working On ‘Filterless’ Panels & P…,json,2026-04-25 21:02:33.444000+00:00,2026-04-24 20:32:38+00:00,20th Anniversary iPhone to Feature Custom 'Micro-Curved' OLED Panel - MacRumors,https://slashdot.org/firehose.pl?op=view&amp;id=182445522,,,Unknown,Unknown,1.3,,,20th Anniversary iPhone to Feature Custom 'Micro-Curved' OLED PanelMacRumors Leaker details next year’s ‘iPhone 20’ display features9to5Mac Apple Has Grand Plans For The iPhone Display And Samsung Is Making That A Reality By Working On ‘Filterless’ Panels & P…,2026-04-24 00:00:00+00:00,2026
69ed2b5ef527cb7a1c1159f0,newsapi_Apple_page_1.json,feedfeeder,The Fine Print: The following comments are owned by whoever posted them. We are not responsible for them in any way.,"Tim Cook admits his biggest mistake and proudest moment as Apple CEOPhoneArena Tim Cook says Apple Maps release was a 'really big mistake'USA Today Report shares new details from Tim Cook’s town hall, including career highs and missteps9to5Mac Tim Cook calls …",json,2026-04-25 21:02:33.444000+00:00,2026-04-24 20:32:28+00:00,Tim Cook admits his biggest mistake and proudest moment as Apple CEO - PhoneArena,https://slashdot.org/firehose.pl?op=view&amp;id=182445398,,,Unknown,Unknown,3.3,,,"Tim Cook admits his biggest mistake and proudest moment as Apple CEOPhoneArena Tim Cook says Apple Maps release was a 'really big mistake'USA Today Report shares new details from Tim Cook’s town hall, including career highs and missteps9to5Mac Tim Cook calls …",2026-04-24 00:00:00+00:00,2026
69ed2b5ef527cb7a1c1159f1,newsapi_Apple_page_1.json,Mara Siegler,RED Apple Media boss John Catsimatidis is looking beyond the Big Apple. The owner of 77 WABC was honored in Las Vegas with the Lowry Mays Excellence in Broadcasting Award at the Broadcasters Foundat… [+448 chars],RED Apple Media boss John Catsimatidis is looking beyond the Big Apple.,json,2026-04-25 21:02:33.444000+00:00,2026-04-24 20:32:25+00:00,John Catsimatidis looking to go international with beloved radio station,https://pagesix.com/2026/04/24/entertainment/john-catsimatidis-looking-to-go-international-with-beloved-radio-station/,https://pagesix.com/wp-content/uploads/sites/3/2026/04/crop-8893089_6c65c8.jpg?quality=75&strip=all&w=1200,,Unknown,Unknown,1.4,,,RED Apple Media boss John Catsimatidis is looking beyond the Big Apple.,2026-04-24 00:00:00+00:00,2026
69ed2b5ef527cb7a1c1159f2,newsapi_Apple_page_2.json,Billboard Japan,"Each year, the IFPI (International Federation of the Phonographic Industry) releases a Global Artist Chart recognizing the world’s best-selling artists of the previous year. This year’s report droppe… [+4823 chars]","MGA (outside Japan, Mrs. GREEN APPLE goes by MGA) stood out as the only Japanese act to appear on the IFPI's Global Artist Chart, landing at No. 13.",json,2026-04-25 21:11:28.511000+00:00,2026-04-24 20:32:18+00:00,"MGA, aka Mrs. GREEN APPLE: A Beginner's Guide to Japan's Monster Band",http://www.billboard.com/music/music-news/mga-mrs-green-apple-beginners-guide-1236231376/,https://www.billboard.com/wp-content/uploads/2026/04/MGA-1.jpg?w=1024,,Unknown,Unknown,1.9,,,"MGA (outside Japan, Mrs. GREEN APPLE goes by MGA) stood out as the only Japanese act to appear on the IFPI's Global Artist Chart, landing at No. 13.",2026-04-24 00:00:00+00:00,2026
69ed2b5ef527cb7a1c1159f8,newsapi_Apple_page_2.json,Hartley Charlton,"Apple's standard iPhone 18 could feature 12GB of memory for the first time, according to analyst Dan Nystedt. In a new post on X, Nystedt said that the standard ‌iPhone 18‌ will match the 12GB of RA… [+1251 chars]","Apple's standard iPhone 18 could feature 12GB of memory for the first time, according to analyst Dan Nystedt. In a new post on X, Nystedt said that the standard ‌iPhone 18‌ will match the 12GB of RAM Apple gave the iPhone 17 Pro and ‌iPhone 17 Pro‌ Max l…",json,2026-04-25 21:11:28.511000+00:00,2026-04-24 20:21:57+00:00,iPhone 18 Could Come With 12GB of RAM,https://www.macrumors.com/2026/04/24/iphone-18-could-come-with-12gb-ram/,https://images.macrumors.com/t/J46PnqFon6uZq7AZIAThCrBf36g=/2500x/article-new/2024/04/apple-silicon-feature-joeblue.jpg,,Unknown,Unknown,5.0,,,"Apple's standard iPhone 18 could feature 12GB of memory for the first time, according to analyst Dan Nystedt. In a new post on X, Nystedt said that the standard ‌iPhone 18‌ will match the 12GB of RAM Apple gave the iPhone 17 Pro and ‌iPhone 17 Pro‌ Max l…",2026-04-24 00:00:00+00:00,2026
69ed2b5ef527cb7a1c1159f9,newsapi_Apple_page_2.json,Ryan Christoffel,"Friday Night Baseball is back on Apple TV tonight for a big doubleheader: Philadelphia Phillies at Atlanta Braves, and Chicago Cubs at LA Dodgers. Heres how to watch tonights MLB games on Apple TV. … [+1454 chars]","Friday Night Baseball is back on Apple TV tonight for a big doubleheader: Philadelphia Phillies at Atlanta Braves, and Chicago Cubs at LA Dodgers. Here’s how to watch tonight’s MLB games on Apple TV. more…",json,2026-04-25 21:11:28.511000+00:00,2026-04-24 20:20:08+00:00,How to watch Major League Baseball games Fridays on Apple TV,https://9to5mac.com/2026/04/24/how-to-watch-major-league-baseball-on-apple-tv-every-friday-night/,https://i0.wp.com/9to5mac.com/wp-content/uploads/sites/6/2024/02/mlb-app.jpg?resize=1200%2C628&quality=82&strip=all&ssl=1,,Unknown,Unknown,2.6,,,"Friday Night Baseball is back on Apple TV tonight for a big doubleheader: Philadelphia Phillies at Atlanta Braves, and Chicago Cubs at LA Dodgers. Here’s how to watch tonight’s MLB games on Apple TV. more…",2026-04-24 00:00:00+00:00,2026
69ed2b5ef527cb7a1c1159fd,newsapi_Apple_page_2.json,Just Jared,Jennifer Aniston is getting to work on the new season of The Morning Show! The 57-year-old Emmy-winning actress checked her phone and chatted with a crew member as she arrived on set of season 5 of … [+1064 chars],Jennifer Aniston is getting to work on the new season of The Morning Show! The 57-year-old Emmy-winning actress checked her phone and chatted with a crew member as she arrived on set of season 5 of the Apple TV drama series on Thursday (April 23) in Los Angel…,json,2026-04-25 21:02:33.479000+00:00,2026-04-24 20:11:32+00:00,Jennifer Aniston Gets to Work Filming 'The Morning Show' Season 5,https://www.justjared.com/2026/04/24/jennifer-aniston-gets-to-work-filming-the-morning-show-season-5/,https://cdn01.justjared.com/wp-content/uploads/headlines/2026/04/aniston-morning-downtown.jpg,,Unknown,Unknown,1.4,,,Jennifer Aniston is getting to work on the new season of The Morning Show! The 57-year-old Emmy-winning actress checked her phone and chatted with a crew member as she arrived on set of season 5 of the Apple TV drama series on Thursday (April 23) in Los Angel…,2026-04-24 00:00:00+00:00,2026
69ed2b5ef527cb7a1c1159ff,newsapi_Apple_page_2.json,Will Potter,A New York City cop has racked up a staggering 547 traffic tickets in just four years - many of them for dangerous driving - but the New York Police Department is refusing to punish him. The police… [+3951 chars],"NYPD officer James Giovansanti, 33, has become one of the most cited drivers in the Big Apple for traffic infractions including speeding through school zones and running red lights.",json,2026-04-25 21:02:33.479000+00:00,2026-04-24 20:10:48+00:00,Disgraceful driving record of New York City COP who's had 547 tickets since 2022... and the disgusting reason why NYPD won't lift a finger to punish him,https://www.dailymail.com/news/article-15762059/NYPD-cop-driving-tickets-James-Giovansanti-traffic.html,https://i.dailymail.com/1s/2026/04/24/20/108138805-0-image-a-92_1777060466862.jpg,,Unknown,Unknown,1.3,,,"NYPD officer James Giovansanti, 33, has become one of the most cited drivers in the Big Apple for traffic infractions including speeding through school zones and running red lights.",2026-04-24 00:00:00+00:00,2026
69ed2b5ef527cb7a1c115a03,newsapi_Apple_page_2.json,Global_Chronicles,", Apple 20 iPhone, . OLED Samsung. , Apple Samsung OLED iPhone 2027 , «iPhone 20» «iPhone XX». - iPhone 20/XX Gemini « ». «» Samsung, , . , Android: , , . iPhone Samsung, , , . COE (Color Filt… [+124 chars]","По данным источников в цепочке поставок, Apple совместно с Samsung разрабатывает микроизогнутый OLED‑дисплей для юбилейной модели iPhone 2027 года",json,2026-04-25 21:02:33.479000+00:00,2026-04-24 20:06:41+00:00,Для iPhone 20 могут готовить безрамочный микроизогнутый OLED‑дисплей Samsung с технологией COE,https://overclockers.ru/blog/Global_Chronicles/show/254327/Dlya-iPhone-20-mogut-gotovit-bezramochnyj-mikroizognutyj-OLED-displej-Samsung-s-tehnologiej-COE,https://overclockers.ru/st/legacy/blog/430440/727833_O.JPG,,Unknown,Unknown,3.3,,,"По данным источников в цепочке поставок, Apple совместно с Samsung разрабатывает микроизогнутый OLED‑дисплей для юбилейной модели iPhone 2027 года",2026-04-24 00:00:00+00:00,2026
69ed2b5ef527cb7a1c115a05,newsapi_Apple_page_3.json,Jeremy Gray,"When Apple unveiled its new low-cost MacBook Neo laptop in early March, it did so with the flashy launch video seen above. While some of it is CGI, much of it has very practical roots, as Apple revea… [+1969 chars]","When Apple unveiled its new low-cost MacBook Neo laptop in early March, it did so with the flashy launch video seen above. While some of it is CGI, much of it has very practical roots, as Apple revealed today in a new behind-the-scenes video. [Read More]",json,2026-04-25 21:11:28.531000+00:00,2026-04-24 20:04:00+00:00,How Apple Filmed its Flashy MacBook Neo Video Using Handmade Props,https://petapixel.com/2026/04/24/how-apple-filmed-its-flashy-macbook-neo-video-using-handmade-props/,https://petapixel.com/assets/uploads/2026/04/macbook-neo-bts-featured.jpg,,Unknown,Unknown,3.1,,,"When Apple unveiled its new low-cost MacBook Neo laptop in early March, it did so with the flashy launch video seen above. While some of it is CGI, much of it has very practical roots, as Apple revealed today in a new behind-the-scenes video. [Read More]",2026-04-24 00:00:00+00:00,2026
69ed2b5ef527cb7a1c115a08,newsapi_Apple_page_3.json,MacDailyNews,"Apple’s iPad Pro Steve Jobs introduced the iPad in 2010 not as a bigger iPhone or a sidekick to the Mac, but as a revolutionary third category of device a magical slate of glass that would usher in … [+5778 chars]","Steve Jobs introduced the iPad in 2010 not as a bigger iPhone or a sidekick to the Mac, but as a revolutionary “third category” of device… The post How John Ternus could finally fulfill Steve Jobs’ original vision for the iPad as a true primary computing devi…",json,2026-04-25 21:11:28.531000+00:00,2026-04-24 20:01:44+00:00,How John Ternus could finally fulfill Steve Jobs’ original vision for the iPad as a true primary computing device,https://macdailynews.com/2026/04/24/how-john-ternus-could-finally-fulfill-steve-jobs-original-vision-for-the-ipad-as-a-true-primary-computing-device/,https://macdailynews.com/wp-content/uploads/2025/10/251015_m5_ipad_pro_05.png,,Unknown,Unknown,3.8,,,"Steve Jobs introduced the iPad in 2010 not as a bigger iPhone or a sidekick to the Mac, but as a revolutionary “third category” of device… The post How John Ternus could finally fulfill Steve Jobs’ original vision for the iPad as a true primary computing devi…",2026-04-24 00:00:00+00:00,2026
69ed2b5ef527cb7a1c115a0b,newsapi_Apple_page_3.json,Audrey Rock,"Nicole Kidman performed a pro-wrestling scene in “Margo’s Got Money Troubles” while suffering from the flu, and promptly had to be transported to the hospital afterwards. “We’re there in the morning… [+3802 chars]","Kidman serves as an executive producer on AppleTV+ series ""Margo's Got Money Troubles.""",json,2026-04-25 21:11:28.531000+00:00,2026-04-24 20:00:29+00:00,Nicole Kidman was rushed to hospital after filming pro-wrestling TV scene,https://pagesix.com/2026/04/24/entertainment/nicole-kidman-hospitalized-after-filming-pro-wrestling-scene/,https://pagesix.com/wp-content/uploads/sites/3/2026/04/Nicole-Kidman-was-rushed-to-hospital-after-filming-pro-wrestling-TV-scene-1.jpg?quality=75&strip=all&w=1200,,Unknown,Unknown,1.3,,,"Kidman serves as an executive producer on AppleTV+ series ""Margo's Got Money Troubles.""",2026-04-24 00:00:00+00:00,2026
69ed2b5ef527cb7a1c115a0c,newsapi_Apple_page_3.json,"Erik Kain, Senior Contributor, Erik Kain, Senior Contributor https://www.forbes.com/sites/erikkain/","What to watch this weekend. Credit: Netflix / HBO / Independent Film Company Complicated relationships, creepy cults and action-packed new takes on The Most Dangerous Game. Love and murder. Spinoff… [+13637 chars]","Looking for something new to stream this weekend? Here’s every major new movie and show hitting Netflix, Hulu, Prime Video, Apple TV and more.",json,2026-04-25 21:11:28.531000+00:00,2026-04-24 20:00:19+00:00,"What To Watch This Weekend: New Shows And Movies To Stream On Netflix, Hulu, Prime Video, Apple TV And More",https://www.forbes.com/sites/erikkain/2026/04/24/what-to-watch-this-weekend-new-shows-and-movies-to-stream-on-netflix-hulu-prime-video-apple-tv-and-more/,https://imageio.forbes.com/specials-images/imageserve/69eba8ff6d66e456f7b36c1c/0x0.jpg?format=jpg&height=900&width=1600&fit=bounds,,Unknown,Unknown,3.2,,,"Looking for something new to stream this weekend? Here’s every major new movie and show hitting Netflix, Hulu, Prime Video, Apple TV and more.",2026-04-24 00:00:00+00:00,2026
69ed2b5ef527cb7a1c115a0f,newsapi_Apple_page_3.json,Freek Van der Herten,"A mobile pass is that thing in your iPhone's Wallet app. A boarding pass, a concert ticket, a coffee loyalty card, a gym membership. Apple calls them passes. Google calls them objects. Both Wallet ap… [+7134 chars]","A mobile pass is that thing in your iPhone's Wallet app. A boarding pass, a concert ticket, a coffee loyalty card, a gym membership. Apple calls them passes. Google calls them objects. Both Wallet apps let you generate them, hand them out, and push live updat…",json,2026-04-25 21:11:28.531000+00:00,2026-04-24 20:00:00+00:00,Generate Apple and Google Wallet passes from Laravel,https://freek.dev/3108-generate-apple-wallet-and-google-wallet-passes-from-laravel?utm_source=laravelnews&utm_medium=link&utm_campaign=laravelnews,https://freek.dev/og-image/b6d20bc4d1760fa724cab383918dfa2d.jpeg,,Unknown,Unknown,3.1,,,"A mobile pass is that thing in your iPhone's Wallet app. A boarding pass, a concert ticket, a coffee loyalty card, a gym membership. Apple calls them passes. Google calls them objects. Both Wallet apps let you generate them, hand them out, and push live updat…",2026-04-24 00:00:00+00:00,2026
69ed2b5ef527cb7a1c115a10,newsapi_Apple_page_3.json,winnie,"2026. 04. 24. 22:00 - Írta: winnie Szerettemaz Apple Tv+ komikus musical sorozatát, az els évadot talán jobban, mint a másodikat, a tovább mögött pár dalt, eladást lehet megnézni, amik mindegyike kla… [+113 chars]","Szerettem az Apple Tv+ komikus musical sorozatát, az első évadot talán jobban, mint a másodikat, a tovább mögött pár dalt, előadást lehet megnézni, amik mindegyike klasszikus musical számokra reflektál. A kedvencem továbbra is az utolsó, a Kristen Chenoweth-f…",json,2026-04-25 21:02:33.494000+00:00,2026-04-24 20:00:00+00:00,Schmigadoon!-dalok,https://www.sorozatjunkie.hu/2026/04/24/schmigadoon-dalok/,,,Unknown,Unknown,3.0,,,"Szerettem az Apple Tv+ komikus musical sorozatát, az első évadot talán jobban, mint a másodikat, a tovább mögött pár dalt, előadást lehet megnézni, amik mindegyike klasszikus musical számokra reflektál. A kedvencem továbbra is az utolsó, a Kristen Chenoweth-f…",2026-04-24 00:00:00+00:00,2026
69ed2b5ef527cb7a1c115a14,newsapi_Apple_page_3.json,OSXDaily,"AirPods 4 are available at 22% off Apple’s retail price, offered for just $99. AirPods 4 feature the iconic design, and many great features like gesture support, spatial audio, voice isolation, water… [+650 chars]","AirPods 4 are available at 22% off Apple’s retail price, offered for just $99. AirPods 4 feature the iconic design, and many great features like gesture support, spatial audio, voice isolation, water and sweat resistance, Siri support, USB-C charging, and mor…",json,2026-04-25 21:02:33.494000+00:00,2026-04-24 19:56:44+00:00,"Deals: AirPods 4 for $99, $150 Off M5 MacBook Air, Save on MacBook Neo with Quick Delivery",https://osxdaily.com/2026/04/24/deals-airpods-4-for-99-150-off-m5-macbook-air-save-on-macbook-neo-with-quick-delivery/,https://cdn.osxdaily.com/wp-content/uploads/2023/10/amazon-deals.jpg,,Unknown,Unknown,4.1,,,"AirPods 4 are available at 22% off Apple’s retail price, offered for just $99. AirPods 4 feature the iconic design, and many great features like gesture support, spatial audio, voice isolation, water and sweat resistance, Siri support, USB-C charging, and mor…",2026-04-24 00:00:00+00:00,2026
69ed2b5ff527cb7a1c115a17,apple_ratings_large.csv,John Doe,Unknown,Unknown,csv,2026-05-07 12:42:11.521000+00:00,,Apple iPhone review,,,2026-04-01 00:00:00+00:00,Unknown,en,5.0,,2026-04-01 00:00:00+00:00,Unknown,2026-04-01 00:00:00+00:00,2026
69ed2b5ff527cb7a1c115a18,apple_ratings_large.csv,Jane Smith,Unknown,Unknown,csv,2026-05-07 12:42:11.521000+00:00,,Apple Watch battery test,,,2026-04-02 00:00:00+00:00,Unknown,de,1.0,,2026-04-02 00:00:00+00:00,Unknown,2026-04-02 00:00:00+00:00,2026
69ed2b5ff527cb7a1c115a1b,apple_ratings_large.csv,John Doe,Unknown,Unknown,csv,2026-05-07 12:42:11.521000+00:00,,Apple iPhone review,,,2026-04-05 00:00:00+00:00,Unknown,en,4.0,,2026-04-05 00:00:00+00:00,Unknown,2026-04-05 00:00:00+00:00,2026
69ed2b5ff527cb7a1c115a1c,apple_ratings_large.csv,Jane Smith,Unknown,Unknown,csv,2026-05-07 12:42:11.521000+00:00,,Apple Watch battery test,,,2026-04-06 00:00:00+00:00,Unknown,de,5.0,,2026-04-06 00:00:00+00:00,Unknown,2026-04-06 00:00:00+00:00,2026
69ed2b5ff527cb7a1c115a1f,apple_ratings_large.csv,John Doe,Unknown,Unknown,csv,2026-05-07 12:42:11.521000+00:00,,Apple iPhone review,,,2026-04-09 00:00:00+00:00,Unknown,en,3.0,,2026-04-09 00:00:00+00:00,Unknown,2026-04-09 00:00:00+00:00,2026
69ed2b5ff527cb7a1c115a20,apple_ratings_large.csv,Jane Smith,Unknown,Unknown,csv,2026-05-07 12:42:11.521000+00:00,,Apple Watch battery test,,,2026-04-10 00:00:00+00:00,Unknown,de,4.0,,2026-04-10 00:00:00+00:00,Unknown,2026-04-10 00:00:00+00:00,2026
69ed2b5ff527cb7a1c115a23,apple_ratings_large.csv,John Doe,Unknown,Unknown,csv,2026-05-07 12:42:11.521000+00:00,,Apple iPhone review,,,2026-04-13 00:00:00+00:00,Unknown,en,2.0,,2026-04-13 00:00:00+00:00,Unknown,2026-04-13 00:00:00+00:00,2026
69ed2b5ff527cb7a1c115a24,apple_ratings_large.csv,Jane Smith,Unknown,Unknown,csv,2026-05-07 12:42:11.521000+00:00,,Apple Watch battery test,,,2026-04-14 00:00:00+00:00,Unknown,de,3.0,,2026-04-14 00:00:00+00:00,Unknown,2026-04-14 00:00:00+00:00,2026
69ed2b5ff527cb7a1c115a27,apple_ratings_large.csv,John Doe,Unknown,Unknown,csv,2026-05-07 12:42:11.521000+00:00,,Apple iPhone review,,,2026-04-17 00:00:00+00:00,Unknown,en,3.0,,2026-04-17 00:00:00+00:00,Unknown,2026-04-17 00:00:00+00:00,2026
69ed2b5ff527cb7a1c115a28,apple_ratings_large.csv,Jane Smith,Unknown,Unknown,csv,2026-05-07 12:42:11.521000+00:00,,Apple Watch battery test,,,2026-04-18 00:00:00+00:00,Unknown,de,4.0,,2026-04-18 00:00:00+00:00,Unknown,2026-04-18 00:00:00+00:00,2026
69ed2b5ff527cb7a1c115a2b,apple_ratings_large.csv,John Doe,Unknown,Unknown,csv,2026-05-07 12:42:11.521000+00:00,,Apple iPhone review,,,2026-04-21 00:00:00+00:00,Unknown,en,2.0,,2026-04-21 00:00:00+00:00,Unknown,2026-04-21 00:00:00+00:00,2026
69ed2b5ff527cb7a1c115a2c,apple_ratings_large.csv,Jane Smith,Unknown,Unknown,csv,2026-05-07 12:42:11.521000+00:00,,Apple Watch battery test,,,2026-04-22 00:00:00+00:00,Unknown,de,3.0,,2026-04-22 00:00:00+00:00,Unknown,2026-04-22 00:00:00+00:00,2026
69ed2b5ff527cb7a1c115a2f,apple_ratings_large.csv,John Doe,Unknown,Unknown,csv,2026-05-07 12:42:11.521000+00:00,,Apple iPhone review,,,2026-04-25 00:00:00+00:00,Unknown,en,1.0,,2026-04-25 00:00:00+00:00,Unknown,2026-04-25 00:00:00+00:00,2026
69ed2b5ff527cb7a1c115a30,apple_ratings_large.csv,Jane Smith,Unknown,Unknown,csv,2026-05-07 12:42:11.521000+00:00,,Apple Watch battery test,,,2026-04-26 00:00:00+00:00,Unknown,de,2.0,,2026-04-26 00:00:00+00:00,Unknown,2026-04-26 00:00:00+00:00,2026
69ed2b5ff527cb7a1c115a33,sample.csv,John Doe,Unknown,Unknown,csv,2026-05-07 12:42:12.185000+00:00,,Apple launches new iPhone,,,2026-03-01 00:00:00+00:00,Unknown,Unknown,2.2,,2026-03-01 00:00:00+00:00,Unknown,2026-03-01 00:00:00+00:00,2026
69ed2b5ff527cb7a1c115a34,sample.csv,Jane Smith,Unknown,Unknown,csv,2026-05-07 12:42:12.185000+00:00,,Apple stock rises,,,2026-03-02 00:00:00+00:00,Unknown,Unknown,4.0,,2026-03-02 00:00:00+00:00,Unknown,2026-03-02 00:00:00+00:00,2026
69ed2e00f527cb7a1c115a90,newsapi_Apple_page_1.json,MacDailyNews,Apple’s incoming CEO John Ternus Incoming Apple CEO John Ternus could kick off his tenure with an ambitious push into smart home hardware. All signs point to a robust lineup of new Apple Home devic… [+2772 chars],Incoming Apple CEO John Ternus could kick off his tenure with an ambitious push into smart home hardware. All signs point to a robust lineup… The post Will incoming CEO John Ternus help realize Apple’s smart home potential? appeared first on MacDailyNews.,json,2026-04-25 21:11:28.488000+00:00,2026-04-24 21:05:23+00:00,Will incoming CEO John Ternus help realize Apple’s smart home potential?,https://macdailynews.com/2026/04/24/will-incoming-ceo-john-ternus-help-realize-apples-smart-home-potential/,https://macdailynews.com/wp-content/uploads/2026/04/260421_john_ternus.png,,Unknown,Unknown,2.1,,,Incoming Apple CEO John Ternus could kick off his tenure with an ambitious push into smart home hardware. All signs point to a robust lineup… The post Will incoming CEO John Ternus help realize Apple’s smart home potential? appeared first on MacDailyNews.,2026-04-24 00:00:00+00:00,2026
69ed2e00f527cb7a1c115a93,newsapi_Apple_page_1.json,Владимир Фокин,"! 1 Apple, . : Max . Samsung Galaxy Buds 4 4 Pro . Huawei nova 15, — nova 15 nova 15 Pro. 6,84- OLED LTPO Full HD+, 120 4000 . Kunlun Glass, SGS, . HiSilicon Kirin 9010S, 12 256/512 . , 6,9 202 … [+763 chars]","Налейте чашку ароматного субботнего кофе и познакомьтесь с новостями недели. Тим Кук покинет свой пост, Huawei привез к нам новинки, а Oppo начнет продавать в России свой флагман…",json,2026-04-25 21:11:28.488000+00:00,2026-04-24 21:03:00+00:00,Субботний кофе №380,https://mobile-review.com/all/articles/saturday-coffee/subbotnij-kofe-n380/,https://mobile-review.com/all/wp-content/uploads/2026/04/58646416.jpg,,Unknown,Unknown,4.1,,,"Налейте чашку ароматного субботнего кофе и познакомьтесь с новостями недели. Тим Кук покинет свой пост, Huawei привез к нам новинки, а Oppo начнет продавать в России свой флагман…",2026-04-24 00:00:00+00:00,2026
69f79537c7d32a5f5b914566,newsapi_Apple_page_1.json,feedfeeder,The Fine Print: The following comments are owned by whoever posted them. We are not responsible for them in any way.,"Motorola Beats Apple And Samsung: The Razr Ultra 2026 Debuts Innovative Battery TechForbes I Checked Out the Motorola Razr Fold and Its Hinge Feels a Little CreakyPCMag Razr 2026, Plus or Ultra? Here's Which New Motorola Razr You Should BuyCNET Motorola annou…",json,2026-05-03 18:38:11.037000+00:00,2026-05-02 18:32:30+00:00,Motorola Beats Apple And Samsung: The Razr Ultra 2026 Debuts Innovative Battery Tech - Forbes,https://slashdot.org/firehose.pl?op=view&amp;id=183105494,,,Unknown,Unknown,2.4,,,"Motorola Beats Apple And Samsung: The Razr Ultra 2026 Debuts Innovative Battery TechForbes I Checked Out the Motorola Razr Fold and Its Hinge Feels a Little CreakyPCMag Razr 2026, Plus or Ultra? Here's Which New Motorola Razr You Should BuyCNET Motorola annou…",2026-05-02 00:00:00+00:00,2026
69f79537c7d32a5f5b914568,newsapi_Apple_page_1.json,Michael Burkhardt,"Apple Card has been throwing around loads of limited-time sign up offers lately, but those only help new customers – not existing ones. This new offer, however, benefits existing Apple Card users. T… [+1251 chars]","Apple Card has been throwing around loads of limited-time sign up offers lately, but those only help new customers – not existing ones. This new offer, however, benefits existing Apple Card users. Through May 18th, Apple Card users can add a co-owner to th…",json,2026-05-03 18:38:11.037000+00:00,2026-05-02 18:31:18+00:00,Limited-time Apple Card promo offers $100 Bonus Daily Cash when you add a co-owner,https://9to5mac.com/2026/05/02/apple-card-co-owner-bonus-daily-cash-promo/,https://i0.wp.com/9to5mac.com/wp-content/uploads/sites/6/2025/11/apple-card-iphone-titanium.jpg?resize=1200%2C628&quality=82&strip=all&ssl=1,,Unknown,Unknown,4.8,,,"Apple Card has been throwing around loads of limited-time sign up offers lately, but those only help new customers – not existing ones. This new offer, however, benefits existing Apple Card users. Through May 18th, Apple Card users can add a co-owner to th…",2026-05-02 00:00:00+00:00,2026
69f79537c7d32a5f5b91456b,newsapi_Apple_page_1.json,Zac Hall,"Apple CarPlay recently gained support for AI chatbots, and the third app to add support is coming soon: Grok. The latest version of Grok for iPhone already includes a placeholder app for Apple CarPl… [+1139 chars]","Apple CarPlay recently gained support for AI chatbots, and the third app to add support is coming soon: Grok. more…",json,2026-05-03 18:38:11.037000+00:00,2026-05-02 18:24:54+00:00,xAI is bringing Grok Voice mode to Apple CarPlay,https://9to5mac.com/2026/05/02/xai-is-bringing-grok-voice-mode-to-apple-carplay/,https://i0.wp.com/9to5mac.com/wp-content/uploads/sites/6/2026/05/grok-carplay.webp?resize=1200%2C628&quality=82&strip=all&ssl=1,,Unknown,Unknown,4.5,,,"Apple CarPlay recently gained support for AI chatbots, and the third app to add support is coming soon: Grok. more…",2026-05-02 00:00:00+00:00,2026
69f79537c7d32a5f5b91456e,newsapi_Apple_page_1.json,Jiří Filip,Fanoukovský Apple svt se v posledních hodinách doslova otásá v základech. Na internet toti unikla údajná fotka prototypu iPhone 18 Pro v pokroilé fázi testování a jeliko jí na sociálních sítích sdílí… [+1054 chars],"Fanouškovský Apple svět se v posledních hodinách doslova otřásá v základech. Na internet totiž unikla údajná fotka prototypu iPhone 18 Pro v pokročilé fázi testování a jelikož jí na sociálních sítích sdílí čím dál tím víc ověřených leakerů či analytiků, zdá s…",json,2026-05-03 18:38:11.037000+00:00,2026-05-02 18:16:58+00:00,Unikl prototyp iPhone 18 Pro! Kompletně odhaluje vzhled přední strany telefonu,https://www.letemsvetemapplem.eu/2026/05/02/unikl-prototyp-iphone-18-pro-kompletne-odhaluje-vzhled-predni-strany-telefonu/,https://www.letemsvetemapplem.eu/wp-content/uploads/2026/05/iphone-18-pro-prototyp-fb.jpg,,Unknown,Unknown,2.4,,,"Fanouškovský Apple svět se v posledních hodinách doslova otřásá v základech. Na internet totiž unikla údajná fotka prototypu iPhone 18 Pro v pokročilé fázi testování a jelikož jí na sociálních sítích sdílí čím dál tím víc ověřených leakerů či analytiků, zdá s…",2026-05-02 00:00:00+00:00,2026
69f79537c7d32a5f5b914572,newsapi_Apple_page_1.json,Agnieszka Serafinowicz,"Od miesicy mówio si o wielkich premierach Apple, ale fani najmniejszych i najtaszych tabletów z logo nadgryzionego jabka musieli obej si smakiem. To si jednak wkrótce zmieni. Jeszcze w tym roku na r… [+2321 chars]","Od miesięcy mówiło się o wielkich premierach Apple, ale fani najmniejszych i najtańszych tabletów z logo nadgryzionego jabłka musieli obejść się smakiem. To się jednak wkrótce zmieni. Jeszcze w tym roku na rynek trafią dwa nowe iPady, które mają naprawić najw…",json,2026-05-03 18:38:11.037000+00:00,2026-05-02 18:00:54+00:00,Koniec z wadliwym ekranem. Najmniejszy tablet Apple dostanie w tym roku rewolucyjną zmianę,https://imagazine.pl/2026/05/02/nowe-ipady-2026-mini-oled-base-ai/,https://imagazine.pl/wp-content/uploads/2025/12/Apple-iPad-Air-hero-250304-hero.jpg,,Unknown,Unknown,4.8,,,"Od miesięcy mówiło się o wielkich premierach Apple, ale fani najmniejszych i najtańszych tabletów z logo nadgryzionego jabłka musieli obejść się smakiem. To się jednak wkrótce zmieni. Jeszcze w tym roku na rynek trafią dwa nowe iPady, które mają naprawić najw…",2026-05-02 00:00:00+00:00,2026
69f79537c7d32a5f5b914573,newsapi_Apple_page_1.json,caschy,Nutzer von Jellyfin bekommen eine neue Option für die Set-Top-Box aus Cupertino. Moonfin ist nun als native tvOS-App in einer ersten öffentlichen Version verfügbar. Das Projekt versteht sich als Ökos… [+1476 chars],"Nutzer von Jellyfin bekommen eine neue Option für die Set-Top-Box aus Cupertino. Moonfin ist nun als native tvOS-App in einer ersten öffentlichen Version verfügbar. Das Projekt versteht sich als Ökosystem für verschiedene Plattformen, das eine einheitliche Ob…",json,2026-05-03 18:38:11.037000+00:00,2026-05-02 18:00:02+00:00,Moonfin für den Apple TV: Native Jellyfin-Alternative startet in den Test,https://stadt-bremerhaven.de/moonfin-fuer-den-apple-tv-native-jellyfin-alternative-startet-in-den-test/,https://stadt-bremerhaven.de/wp-content/uploads/2026/04/moonfin-for-tvos-the-final-frontier-v0-3inne9txlmwg1-2.jpg,,Unknown,Unknown,4.1,,,"Nutzer von Jellyfin bekommen eine neue Option für die Set-Top-Box aus Cupertino. Moonfin ist nun als native tvOS-App in einer ersten öffentlichen Version verfügbar. Das Projekt versteht sich als Ökosystem für verschiedene Plattformen, das eine einheitliche Ob…",2026-05-02 00:00:00+00:00,2026
69f79537c7d32a5f5b914574,newsapi_Apple_page_1.json,Rubén Chicharro,Hace unos meses que AirDropdejó de ser exclusivo de los dispositivos de la manzana. Google ha conseguido que Quick Share (la alternativa a AirDrop de Android) sea compatible con el servicio de transf… [+1989 chars],"Hace unos meses que AirDrop dejó de ser exclusivo de los dispositivos de la manzana. Google ha conseguido que Quick Share (la alternativa a AirDrop de Android) sea compatible con el servicio de transferencia de archivos de Apple, y desde entonces hemos visto …",json,2026-05-03 18:38:11.037000+00:00,2026-05-02 18:00:00+00:00,AirDrop llega a más móviles Android: lista completa de modelos compatibles y cómo usarlo hoy mismo,https://hipertextual.com/mobile/airdrop-llega-a-mas-moviles-android-lista-completa-de-modelos-compatibles-y-como-usarlo-hoy-mismo/,https://i0.wp.com/imgs.hipertextual.com/wp-content/uploads/2025/11/pixel-10-0002-1-Airdrop.jpg?fit=1920%2C1283&quality=70&strip=all&ssl=1,,Unknown,Unknown,2.8,,,"Hace unos meses que AirDrop dejó de ser exclusivo de los dispositivos de la manzana. Google ha conseguido que Quick Share (la alternativa a AirDrop de Android) sea compatible con el servicio de transferencia de archivos de Apple, y desde entonces hemos visto …",2026-05-02 00:00:00+00:00,2026
69f79537c7d32a5f5b914577,newsapi_Apple_page_1.json,Unknown,"If you click 'Accept all', we and our partners, including 250 who are part of the IAB Transparency &amp; Consent Framework, will also store and / or access information on a device (in other words, us… [+1046 chars]","The Apple design celebrates 75 years of Porsche motorsport, 50 years of the 935",json,2026-05-03 18:38:11.037000+00:00,2026-05-02 17:44:00+00:00,It's the 80s All Over Again as Porsche 935 Livery Goes on 963 at IMSA Race,https://consent.yahoo.com/v2/collectConsent?sessionId=1_cc-session_a5d40194-e6b8-40a1-acd5-c388a443a112,,,Unknown,Unknown,1.1,,,"The Apple design celebrates 75 years of Porsche motorsport, 50 years of the 935",2026-05-02 00:00:00+00:00,2026
69f79537c7d32a5f5b914578,newsapi_Apple_page_1.json,Jolanta Szczepaniak,"Czy da si uywa iPhonea bez logowania na konto Apple? Krótka odpowied brzmi: tak, jest to moliwe. Konto Apple nie jest blokad, która uniemoliwia uruchomienie i korzystanie z telefonu. Trzeba si jednak… [+4490 chars]","Czy da się używać iPhone’a bez logowania na konto Apple? Krótka odpowiedź brzmi: tak, jest to możliwe. Konto Apple nie jest blokadą, która uniemożliwia uruchomienie i korzystanie z telefonu. Trzeba się jednak przygotować na cyfrowy minimalizm. Oto poradnik, j…",json,2026-05-03 18:38:11.037000+00:00,2026-05-02 17:44:00+00:00,Ucieczka ze złotej klatki. iPhone bez konta Apple w praktyce,https://android.com.pl/tech/1041012-iphone-bez-konta-apple-w-praktyce/,https://static.android.com.pl/uploads/2026/04/iphone-bez-konta-apple-id-1-1280x960.jpg,,Unknown,Unknown,4.8,,,"Czy da się używać iPhone’a bez logowania na konto Apple? Krótka odpowiedź brzmi: tak, jest to możliwe. Konto Apple nie jest blokadą, która uniemożliwia uruchomienie i korzystanie z telefonu. Trzeba się jednak przygotować na cyfrowy minimalizm. Oto poradnik, j…",2026-05-02 00:00:00+00:00,2026
69f79537c7d32a5f5b914579,newsapi_Apple_page_1.json,John Voorhees,"Its a new month and its F1 season, which means its time for a roundup of everything coming to Apple TV and Apple Arcade in May 2026. This month were adding F1 and other sports airing on Apple TV thi… [+5328 chars]","It’s a new month and it’s F1 season, which means it’s time for a roundup of everything coming to Apple TV and Apple Arcade in May 2026. This month we’re adding F1 and other sports airing on Apple TV this month, starting with tomorrow’s Miami Grand Prix, and c…",json,2026-05-03 18:38:11.037000+00:00,2026-05-02 17:42:32+00:00,Coming Soon: What’s Next on Apple TV and Apple Arcade in May 2026,https://www.macstories.net/news/coming-soon-whats-next-on-apple-tv-and-apple-arcade-in-may-2026/,https://cdn.macstories.net/untitled-19-1777740921988.png,,Unknown,Unknown,1.8,,,"It’s a new month and it’s F1 season, which means it’s time for a roundup of everything coming to Apple TV and Apple Arcade in May 2026. This month we’re adding F1 and other sports airing on Apple TV this month, starting with tomorrow’s Miami Grand Prix, and c…",2026-05-02 00:00:00+00:00,2026
69f79537c7d32a5f5b91457c,newsapi_Apple_page_2.json,Jiří Filip,"Apple pestal v tichosti prodávat jeden z nejlevnjích Mac souasnosti. e je konkrétn o základním Macu mini, který stál v základu s ipem M4 a 256GB úloitm v USA 599 dolar, v eské republice pak 16 990 K.… [+2212 chars]","Apple přestal v tichosti prodávat jeden z nejlevnějších Maců současnosti. Řeč je konkrétně o základním Macu mini, který stál v základu s čipem M4 a 256GB úložištěm v USA 599 dolarů, v České republice pak 16 990 Kč. Tato konfigurace se však relativně nedávno z…",json,2026-05-03 18:38:11.072000+00:00,2026-05-02 17:35:57+00:00,Apple přestal prodávat nejlevnější Mac mini! Za základ si nyní pořádně připlatíte,https://www.letemsvetemapplem.eu/2026/05/02/apple-prestal-prodavat-nejlevnejsi-mac-mini-za-zaklad-si-nyni-poradne-priplatite/,https://www.letemsvetemapplem.eu/wp-content/uploads/2024/11/Mac-Mini-M4-a-Studio-Display-LsA-46.jpg,,Unknown,Unknown,1.9,,,"Apple přestal v tichosti prodávat jeden z nejlevnějších Maců současnosti. Řeč je konkrétně o základním Macu mini, který stál v základu s čipem M4 a 256GB úložištěm v USA 599 dolarů, v České republice pak 16 990 Kč. Tato konfigurace se však relativně nedávno z…",2026-05-02 00:00:00+00:00,2026
69f79537c7d32a5f5b91457d,newsapi_Apple_page_2.json,Advaita Suresh,"In a world where individuality is celebrated and people are constantly encouraged to be different, this timeless African proverb of the day brings attention back to a quieter truth about human life: … [+5099 chars]","African proverb of the day: “The apple does not fall far from the tree.” This timeless proverb reminds us that children often reflect the behavior, values, and character of their parents, showing how deeply upbringing and early environment shape who we become…",json,2026-05-03 18:38:11.072000+00:00,2026-05-02 17:34:35+00:00,"African proverb of the day: “The apple does not fall far from the tree” — Life lessons on family Influence, parenting, social behavior, and identity",https://economictimes.indiatimes.com/news/international/us/african-proverb-of-the-day-the-apple-does-not-fall-far-from-the-tree-life-lessons-on-family-influence-parenting-social-behavior-and-identity/articleshow/130719115.cms,"https://img.etimg.com/thumb/msid-130719115,width-1200,height-630,imgsize-2924265,overlay-economictimes/articleshow.jpg",,Unknown,Unknown,4.4,,,"African proverb of the day: “The apple does not fall far from the tree.” This timeless proverb reminds us that children often reflect the behavior, values, and character of their parents, showing how deeply upbringing and early environment shape who we become…",2026-05-02 00:00:00+00:00,2026
69f79537c7d32a5f5b91457e,newsapi_Apple_page_2.json,ذكي AI,-: . iOS 27 “ ” . : . “Clean Up” “ ” (Apple Intelligence Tools) . Extend () “” . Enhance () . Reframe ( ) (Spatial Photos) . : . “” ” ” . . iOS 27 . . (WWDC) . : macworld.com,"كشف تقرير جديد من بلومبرغ عن نية آبل إطلاق ثلاث ميزات رئيسية مدعومة بالذكاء الاصطناعي لتعديل الصور في نظام iOS 27 القادم، وهي ميزات ""التوسيع"" (Extend) لتوليد خلفيات خارج الإطار، و""التحسين"" (Enhance) لرفع جودة الصور تلقائياً، و""إعادة التأطير"" (Reframe) لتغيير …",json,2026-05-03 18:38:11.072000+00:00,2026-05-02 17:30:57+00:00,آبل تخطط لثورة في تطبيق الصور: 3 ميزات ذكاء اصطناعي مذهلة قادمة للآي-فون,https://iphoneislam.com/2026/05/apple-ios-27-ai-photo-editing-features-rumors/165813,https://iphoneislam.com/wp-content/uploads/2026/04/photos-app-icon-0ios27.jpg,,Unknown,Unknown,1.3,,,"كشف تقرير جديد من بلومبرغ عن نية آبل إطلاق ثلاث ميزات رئيسية مدعومة بالذكاء الاصطناعي لتعديل الصور في نظام iOS 27 القادم، وهي ميزات ""التوسيع"" (Extend) لتوليد خلفيات خارج الإطار، و""التحسين"" (Enhance) لرفع جودة الصور تلقائياً، و""إعادة التأطير"" (Reframe) لتغيير …",2026-05-02 00:00:00+00:00,2026
69f79537c7d32a5f5b914588,newsapi_Apple_page_2.json,pennysave,"This collaborative space allows users to contribute additional information, tips, and insights to enhance the original deal post. Feel free to share your knowledge and help fellow shoppers make infor… [+26 chars]","Amazon.com has Comply TrueGrip MAX | Premium Memory Foam Replacement Earbud Tips for Apple AirPods Pro Gen 3 | Long Lasting Comfort, MAX Durability, Secure Fit, Superior Noise Isolation| White (Medium",json,2026-05-03 18:38:11.072000+00:00,2026-05-02 17:06:00+00:00,"Comply TrueGrip MAX Premium Memory Foam Replacement Earbud Tips for Apple AirPods Pro Gen 3 (White, Medium) $8.61 + Free Shipping w/ Prime or on $35+ (2 replies)",https://slickdeals.net/f/19483269-comply-truegrip-max-premium-memory-foam-replacement-earbud-tips-for-apple-airpods-pro-gen-3-white-medium-8-61-free-shipping-w-prime-or-on-35,https://slickdeals.net/attachment/2/9/8/1/5/7/1/1/450x450/20279694.thumb,,Unknown,Unknown,2.8,,,"Amazon.com has Comply TrueGrip MAX | Premium Memory Foam Replacement Earbud Tips for Apple AirPods Pro Gen 3 | Long Lasting Comfort, MAX Durability, Secure Fit, Superior Noise Isolation| White (Medium",2026-05-02 00:00:00+00:00,2026
69f79537c7d32a5f5b914590,newsapi_Apple_page_3.json,Bryan M Wolfe,"The Mac Studio and Mac Pro feature variations of Apple’s M2 chip. Now, as of 2026, Apple has discontinued the Mac Pro - the most up-to-date model comes with the M2 Ultra chip. However, the Mac Studio… [+8116 chars]","While not the latest models, these powerhouse Apple devices are well-worth checking out - if you can find them",json,2026-05-03 18:38:11.099000+00:00,2026-05-02 16:46:11+00:00,Mac Pro M2 vs Mac Studio M2: Which is the one for you?,https://www.techradar.com/computing/macs/mac-pro-m2-vs-mac-studio-m2-which-is-the-one-for-you,https://cdn.mos.cms.futurecdn.net/7sVKDzzWnqKSmnjD8jd8MQ-2000-80.jpg,,Unknown,Unknown,1.4,,,"While not the latest models, these powerhouse Apple devices are well-worth checking out - if you can find them",2026-05-02 00:00:00+00:00,2026
69f79537c7d32a5f5b914591,newsapi_Apple_page_3.json,Samantha Wiley,"The M5 MacBook Air has been refreshed, given the M5 chip bringing you strong AI capabilities and performance in a device that you can bring anywhere, the device features unified memory and a faster C… [+740 chars]","The M5 MacBook Air has been refreshed, given the M5 chip bringing you strong AI capabilities and performance in a device that you can bring anywhere, the device features unified memory and a faster CPU. The laptop features Apple Intelligence, a personal intel…",json,2026-05-03 18:38:11.099000+00:00,2026-05-02 16:45:08+00:00,13-inch M5 MacBook Air 512GB is $149 Off,https://www.ilounge.com/news/daily-deals/13-inch-m5-macbook-air-512gb-is-149-off,https://www.ilounge.com/wp-content/uploads/2019/11/no-image-found.jpg,,Unknown,Unknown,4.7,,,"The M5 MacBook Air has been refreshed, given the M5 chip bringing you strong AI capabilities and performance in a device that you can bring anywhere, the device features unified memory and a faster CPU. The laptop features Apple Intelligence, a personal intel…",2026-05-02 00:00:00+00:00,2026
69f79537c7d32a5f5b914592,newsapi_Apple_page_3.json,Samantha Wiley,Two products will be given the Ultra branding by Apple this year. The upcoming foldable iPhone will receive the iPhone Ultra branding and will be the most expensive device in the iPhone line. The dev… [+690 chars],Two products will be given the Ultra branding by Apple this year. The upcoming foldable iPhone will receive the iPhone Ultra branding and will be the most expensive device in the iPhone line. The device will not be part of the upcoming line of the iPhone 18 P…,json,2026-05-03 18:38:11.099000+00:00,2026-05-02 16:43:48+00:00,Two New Ultra Products to be Released by Apple,https://www.ilounge.com/news/apple/two-new-ultra-products-to-be-released-by-apple,https://www.ilounge.com/wp-content/uploads/2026/05/image-2.png,,Unknown,Unknown,2.4,,,Two products will be given the Ultra branding by Apple this year. The upcoming foldable iPhone will receive the iPhone Ultra branding and will be the most expensive device in the iPhone line. The device will not be part of the upcoming line of the iPhone 18 P…,2026-05-02 00:00:00+00:00,2026
69f79537c7d32a5f5b914594,newsapi_Apple_page_3.json,Samantha Wiley,Apple employees in Towson are being represented by the IAM Union and stated that they will be filing a charge for Unfair Labor Practice against the company with the National Labor Relations Board. Ap… [+656 chars],Apple employees in Towson are being represented by the IAM Union and stated that they will be filing a charge for Unfair Labor Practice against the company with the National Labor Relations Board. Apple is allegedly conducting unlawful discrimination against …,json,2026-05-03 18:38:11.099000+00:00,2026-05-02 16:40:49+00:00,IAM Union Accuses Apple of Unfair Labor Practice,https://www.ilounge.com/news/iam-union-accuses-apple-of-unfair-labor-practice,https://www.ilounge.com/wp-content/uploads/2026/05/image-1.png,,Unknown,Unknown,1.2,,,Apple employees in Towson are being represented by the IAM Union and stated that they will be filing a charge for Unfair Labor Practice against the company with the National Labor Relations Board. Apple is allegedly conducting unlawful discrimination against …,2026-05-02 00:00:00+00:00,2026
69f79537c7d32a5f5b914599,newsapi_Apple_page_3.json,AppleNovinky.cz | Nika Drunecká,"Po spolupráci s jihokorejskou zpvakou JENNIE v záí 2025, kdy se rubínovo-ervená verze sluchátek Solo 4 v internetovém obchod Apple vyprodala za mén ne 24 hodin, dnes znaka Beats od Applu oznamuje nav… [+742 chars]","Po spolupráci s jihokorejskou zpěvačkou JENNIE v září 2025, když se rubínovo-červená verze sluchátek Solo 4 v internetovém obchodě Apple vyprodala za méně než 24 hodin, dnes značka Beats od Applu oznamuje navazující partnerství s JENNIE a vydala novou verzi s…",json,2026-05-03 18:38:11.099000+00:00,2026-05-02 16:33:22+00:00,Beats oznamuje navazující partnerství s JENNIE a vydal novou limitovanou verzi sluchátek Solo 4,https://applenovinky.cz/2026/05/beats-oznamuje-navazujici-partnerstvi-s-jennie-a-vydal-novou-limitovanou-verzi-sluchatek-solo-4/,https://static.applenovinky.cz/wp-content/uploads/2026/05/beats-jennie-black-solo-4.jpg,,Unknown,Unknown,1.4,,,"Po spolupráci s jihokorejskou zpěvačkou JENNIE v září 2025, když se rubínovo-červená verze sluchátek Solo 4 v internetovém obchodě Apple vyprodala za méně než 24 hodin, dnes značka Beats od Applu oznamuje navazující partnerství s JENNIE a vydala novou verzi s…",2026-05-02 00:00:00+00:00,2026
69f79537c7d32a5f5b91459b,newsapi_Apple_page_3.json,Ender Öztürk,"Samsung, kullanc deneyimini kökten deitirmeye hazrlanan yeni One UI 8.5 güncellemesini dünya genelindeki birçok Galaxy cihaz için kullanma sunmaya hazrlanyor. Yaknda balayacak olan datm süreciyle bir… [+3243 chars]","Samsung'un yeni One UI 8.5 güncellemesi ile gelen Liquid Glass tasarımı, yapay zeka destekli çağrılar ve Apple cihazlarla dosya paylaşımı özelliklerini keşfedin.",json,2026-05-03 18:38:11.099000+00:00,2026-05-02 16:30:07+00:00,Heyecan Veren 5 Yeni Samsung One UI 8.5 Özelliği,https://shiftdelete.net/heyecan-veren-5-yeni-samsung-one-ui-8-5-ozelligi,https://ares.shiftdelete.net/2026/05/heyecan-veren-5-yeni-samsung-one-ui-8-5-ozelligi.webp,,Unknown,Unknown,2.2,,,"Samsung'un yeni One UI 8.5 güncellemesi ile gelen Liquid Glass tasarımı, yapay zeka destekli çağrılar ve Apple cihazlarla dosya paylaşımı özelliklerini keşfedin.",2026-05-02 00:00:00+00:00,2026
69f79537c7d32a5f5b91459c,newsapi_Apple_page_3.json,Admin,In den letzten Wochen wurde die Verfügbarkeit des Mac mini und Mac Studio deutlich schlechter. Nun hat Apple das Einsteigermodell des Mac mini mit M4-Chip und 256GB komplett aus dem Programm genommen… [+1716 chars],"In den letzten Wochen wurde die Verfügbarkeit des Mac mini und Mac Studio deutlich schlechter. Nun hat Apple das Einsteigermodell des Mac mini mit M4-Chip und 256GB komplett aus dem Programm genommen. Im Umkehrschluss bedeutet dies, dass der Mac mini ab sofor…",json,2026-05-03 18:38:11.099000+00:00,2026-05-02 16:30:01+00:00,Apple nimmt Mac mini mit 256GB komplett aus dem Programm,https://www.macerkopf.de/2026/05/02/apple-nimmt-mac-mini-mit-256gb-komplett-aus-dem-programm/,https://www.macerkopf.de/wp-content/uploads/2024/10/mac_mini_m4.jpeg,,Unknown,Unknown,2.9,,,"In den letzten Wochen wurde die Verfügbarkeit des Mac mini und Mac Studio deutlich schlechter. Nun hat Apple das Einsteigermodell des Mac mini mit M4-Chip und 256GB komplett aus dem Programm genommen. Im Umkehrschluss bedeutet dies, dass der Mac mini ab sofor…",2026-05-02 00:00:00+00:00,2026
69f79537c7d32a5f5b91459e,newsapi_Apple_page_3.json,Alex Rós,"A new horror-comedy series set in a New England town is creeping its way up the Top 10 Most Watched chart for Apple TV, booting Monarch: Legacy of Monsters from the #3 spot to lay claim to it. It’s a… [+2276 chars]","A new horror-comedy series set in a New England town is creeping its way up the Top 10 Most Watched chart for Apple TV, booting Monarch: Legacy of Monsters from the #3 spot to lay claim to it. It’s a brilliant mix of horror and comedy, not relying too much on…",json,2026-05-03 18:38:11.099000+00:00,2026-05-02 16:28:34+00:00,Apple’s New 95%-Rated Horror Show is Already a Major Hit,http://comicbook.com/tv-shows/news/apples-new-95-rated-horror-show-is-already-a-major-hit/,"https://comicbook.com/wp-content/uploads/sites/4/2026/05/Widows-Bay.png?resize=2000,1125",,Unknown,Unknown,4.5,,,"A new horror-comedy series set in a New England town is creeping its way up the Top 10 Most Watched chart for Apple TV, booting Monarch: Legacy of Monsters from the #3 spot to lay claim to it. It’s a brilliant mix of horror and comedy, not relying too much on…",2026-05-02 00:00:00+00:00,2026
69fc8502ef3b485ee4bc2b38,newsapi_Apple_page_1.json,Justin Kahn,Woot launched a notable Apple accessory sale this week with an extra $5 off at checkout on already discounted prices using code APPLEFIVE. We have already detailed the discounts using this code on th… [+1923 chars],"Woot launched a notable Apple accessory sale this week with an extra $5 off at checkout on already discounted prices using code APPLEFIVE. We have already detailed the discounts using this code on the Apple USB-C Charge Cables, the official AirTag Loop, and t…",json,2026-05-07 12:33:56.785000+00:00,2026-05-06 12:26:19+00:00,"Score a spare Apple MagSafe 3 Cable for your MacBook from $23 (Reg. $49, various colors)",http://9to5toys.com/2026/05/06/apple-magsafe-3-cable-deals/,https://i0.wp.com/9to5toys.com/wp-content/uploads/sites/5/2026/05/Apple-USB-C-to-MagSafe-3-Cable.jpg?resize=1200%2C628&quality=82&strip=all&ssl=1,,Unknown,Unknown,3.6,,,"Woot launched a notable Apple accessory sale this week with an extra $5 off at checkout on already discounted prices using code APPLEFIVE. We have already detailed the discounts using this code on the Apple USB-C Charge Cables, the official AirTag Loop, and t…",2026-05-06 00:00:00+00:00,2026
69fc8502ef3b485ee4bc2b3a,newsapi_Apple_page_1.json,Unknown,"moreTurn your old devices into savings on new tech with these trade-in offers at Best Buy. Examples of eligible items include Xbox consoles, Apple iPads, MacBook Air laptops, Google Pixel 10 Series s… [+476 chars]","Shop open-box and some new TVs, including Samsung, LG, Roku, Pioneer, TCL, and more. We've pictured this Open-box Samsung 50"" Neo QLED QN90F 4K Smart TV for $669.99 (it's over $1,000 in brand new condition elsewhere.) Shipping is free. Shop Now at Best Buy",json,2026-05-07 12:33:56.785000+00:00,2026-05-06 12:25:42+00:00,Clearance TV Deals at Best Buy: Up to 87% off + free shipping,https://www.dealnews.com/Clearance-TV-Deals-at-Best-Buy-Up-to-87-off-free-shipping/21826155.html,https://d.dlnws.com/64599/1778070225-samsung-neo-g-tv-front-k6bk.avif?h=651&w=1024,,Unknown,Unknown,1.7,,,"Shop open-box and some new TVs, including Samsung, LG, Roku, Pioneer, TCL, and more. We've pictured this Open-box Samsung 50"" Neo QLED QN90F 4K Smart TV for $669.99 (it's over $1,000 in brand new condition elsewhere.) Shipping is free. Shop Now at Best Buy",2026-05-06 00:00:00+00:00,2026
69fc8502ef3b485ee4bc2b3d,newsapi_Apple_page_1.json,Grzegorz Dąbek,"To wrcz niewiarygodne, e najnowszy smartfon Apple tak szybko tanieje. iPhone Air jest taszy ju o ponad 1500 (!) zotych ni w dniu premiery. iPhone Air zosta zaprezentowany 9 wrzenia 2025 roku, zatem … [+1505 chars]","To wręcz niewiarygodne, że najnowszy smartfon Apple tak szybko tanieje. iPhone Air jest tańszy już o ponad 1500 (!) złotych niż w dniu premiery.Przeczytaj pełny artykuł tutaj: iPhone Air w jeszcze niższej cenie. Niedługo będą dorzucać go w chipsach",json,2026-05-07 12:33:56.785000+00:00,2026-05-06 12:23:06+00:00,iPhone Air w jeszcze niższej cenie. Niedługo będą dorzucać go w chipsach,https://www.tabletowo.pl/iphone-air-w-jeszcze-nizszej-cenie-maj-2026/,https://www.tabletowo.pl/wp-content/uploads/2025/12/iphone-air-recenzja-tabletowo-kordasinski-05-1195x900.jpg,,Unknown,Unknown,2.2,,,"To wręcz niewiarygodne, że najnowszy smartfon Apple tak szybko tanieje. iPhone Air jest tańszy już o ponad 1500 (!) złotych niż w dniu premiery.Przeczytaj pełny artykuł tutaj: iPhone Air w jeszcze niższej cenie. Niedługo będą dorzucać go w chipsach",2026-05-06 00:00:00+00:00,2026
69fc8502ef3b485ee4bc2b3e,newsapi_Apple_page_1.json,Sami Trabcha,Apple prépare pour cet automne un iPhone pliant qui ne devrait pas arriver avant plusieurs semaines après les iPhone 18 Pro et 18 Pro Max prévus en septembre. Ce pliant coûterait autour de 3 000 euro… [+4926 chars],"L'iPhone pliant capte tous les regards, mais le Pro pourrait bien proposer le meilleur rapport qualité-prix.",json,2026-05-07 12:33:56.785000+00:00,2026-05-06 12:22:54+00:00,"iPhone 18 Pro : oubliez le Fold, ces 7 caractéristiques en feront la star de l’automne",https://www.iphon.fr/post/nouveautes-iphone-18-pro-7-caracteristiques-apple,https://www.iphon.fr/app/uploads/2026/04/apple-iphone-18-pro-couleur-1600x900.jpg,,Unknown,Unknown,3.8,,,"L'iPhone pliant capte tous les regards, mais le Pro pourrait bien proposer le meilleur rapport qualité-prix.",2026-05-06 00:00:00+00:00,2026
69fc8502ef3b485ee4bc2b3f,newsapi_Apple_page_1.json,Unknown,"A required part of this site couldnt load. This may be due to a browser extension, network issues, or browser settings. Please check your connection, disable any ad blockers, or try using a diffe… [+12 chars]",Discord Rich Presence for Apple Music on Linux,json,2026-05-07 12:33:56.785000+00:00,2026-05-06 12:22:25+00:00,refrain 0.2.0,https://pypi.org/project/refrain/0.2.0/,,,Unknown,Unknown,3.0,,,Discord Rich Presence for Apple Music on Linux,2026-05-06 00:00:00+00:00,2026
69fc8502ef3b485ee4bc2b41,newsapi_Apple_page_1.json,Unknown,"moreWoot has discounted a new selection of open-box items, with big savings on Apple devices and MacBooks, smartwatches, laptops, vacuum cleaners, and more. They're all new, but won't ship in their o… [+163 chars]","Get deals on a large selection of tech and electronics in this sale at eBay. Even better, use promo code ""BRANDS4YOU"" at checkout to get an extra 20% off your order. Discounted brands include Apple, JBL, Anker, and Bose. Refurbs include 1- or 2-year warrantie…",json,2026-05-07 12:26:42.330000+00:00,2026-05-06 12:21:12+00:00,Tech Brand Outlet Deals at eBay: Up to 60% off + extra 20% off + free shipping,https://www.dealnews.com/Tech-Brand-Outlet-Deals-at-eBay-Up-to-60-off-extra-20-off-free-shipping/21826152.html,https://d.dlnws.com/64599/1778070055-red-apple-smartphone-front-back-xike.webp?h=1000&w=731,,Unknown,Unknown,4.7,,,"Get deals on a large selection of tech and electronics in this sale at eBay. Even better, use promo code ""BRANDS4YOU"" at checkout to get an extra 20% off your order. Discounted brands include Apple, JBL, Anker, and Bose. Refurbs include 1- or 2-year warrantie…",2026-05-06 00:00:00+00:00,2026
69fc8502ef3b485ee4bc2b43,newsapi_Apple_page_1.json,Global_Chronicles,"2026 - , . Apple , . : WCCFTech Counterpoint Research , 2026 $117 , - DRAM. 12% , iPhone 17. iPhone 48% , Apple 21% , Samsung, . iPhone $908, , Samsung, $399. Apple iPhone 17iPhone 17 Pro Max… [+49 chars]",Apple увеличила долю мировой выручки от смартфонов до 48% в первом квартале 2026 года. Продажи iPhone продолжают расти и усиливают отрыв от конкурентов.,json,2026-05-07 12:26:42.330000+00:00,2026-05-06 12:20:47+00:00,Apple укрепила лидерство по выручке на рынке смартфонов в 2026 году,https://overclockers.ru/blog/Global_Chronicles/show/255080/Apple-ukrepila-liderstvo-po-vyruchke-na-rynke-smartfonov-v-2026-godu,https://overclockers.ru/st/legacy/blog/430440/729295_O.png,,Unknown,Unknown,3.1,,,Apple увеличила долю мировой выручки от смартфонов до 48% в первом квартале 2026 года. Продажи iPhone продолжают расти и усиливают отрыв от конкурентов.,2026-05-06 00:00:00+00:00,2026
69fc8502ef3b485ee4bc2b44,newsapi_Apple_page_1.json,Pierre L. Duval,"C’est un comble : la machine la plus puissante du catalogue Apple, le Mac Studio M3 Ultra, vient une nouvelle fois de voir ses options réduites. Plus précisément, Apple vient de retirer la dernière o… [+3575 chars]",Le plus puissant des Mac ne se configure plus qu'avec 96 Go de RAM. Une bien mauvaise nouvelle pour les pros.,json,2026-05-07 12:26:42.330000+00:00,2026-05-06 12:19:32+00:00,"Mac Studio M3 Ultra : Apple supprime deux configs haut de gamme, les pros s’inquiètent",https://www.iphon.fr/post/mac-studio-m3-ultra-options-ram,https://www.iphon.fr/app/uploads/2026/05/mac-studio-apple-1600x900.jpg,,Unknown,Unknown,4.9,,,Le plus puissant des Mac ne se configure plus qu'avec 96 Go de RAM. Une bien mauvaise nouvelle pour les pros.,2026-05-06 00:00:00+00:00,2026
69fc8502ef3b485ee4bc2b45,newsapi_Apple_page_1.json,Fabian Schwarzenbach,"In knapp einem Monat findet die WWDC 2026 statt und Apple wird erstmals iOS 27 zeigen. Ein neuer Bericht hat nun Hinweise gefunden, dass die Tage der exklusiven ChatGPT-Integration damit gezählt sind… [+1184 chars]","In knapp einem Monat findet die WWDC 2026 statt und Apple wird erstmals iOS 27 zeigen. Ein neuer Bericht hat nun Hinweise gefunden, dass die ... Weiterlesen ... Der Beitrag iOS 27-Bericht: Glaude und Gemini ergänzen ChatGPT erschien zuerst auf Apfelpage.",json,2026-05-07 12:26:42.330000+00:00,2026-05-06 12:19:29+00:00,iOS 27-Bericht: Glaude und Gemini ergänzen ChatGPT,https://www.apfelpage.de/news/ios-27-bericht-glaude-und-gemini-ergaenzen-chatgpt/,https://www.apfelpage.de/wp-content/uploads/2024/06/iOS-18-Siri-Thumb.webp,,Unknown,Unknown,1.7,,,"In knapp einem Monat findet die WWDC 2026 statt und Apple wird erstmals iOS 27 zeigen. Ein neuer Bericht hat nun Hinweise gefunden, dass die ... Weiterlesen ... Der Beitrag iOS 27-Bericht: Glaude und Gemini ergänzen ChatGPT erschien zuerst auf Apfelpage.",2026-05-06 00:00:00+00:00,2026
69fc8502ef3b485ee4bc2b46,newsapi_Apple_page_1.json,Omar Sohail,"A chip supply deficit is a situation that no company wants to face, especially when it hinders a popular products supply. Apple has witnessed tremendous success with the MacBook Neo launch, which sta… [+2423 chars]","A chip supply deficit is a situation that no company wants to face, especially when it hinders a popular product’s supply. Apple has witnessed tremendous success with the MacBook Neo launch, which starts from $599, and is reportedly facing A18 Pro chip supply…",json,2026-05-07 12:26:42.330000+00:00,2026-05-06 12:18:04+00:00,MacBook Neo Won’t Let Chromebooks Or Windows Laptops Take A Breather This Year As Apple Eyes Ambitious 10 Million Production Goal,https://wccftech.com/apple-asks-macbook-neo-suppliers-to-increase-production-to-10-million-units/,https://cdn.wccftech.com/wp-content/uploads/2026/05/MacBook-Neo-1.jpg,,Unknown,Unknown,2.8,,,"A chip supply deficit is a situation that no company wants to face, especially when it hinders a popular product’s supply. Apple has witnessed tremendous success with the MacBook Neo launch, which starts from $599, and is reportedly facing A18 Pro chip supply…",2026-05-06 00:00:00+00:00,2026
69fc8502ef3b485ee4bc2b47,newsapi_Apple_page_1.json,Unknown,"moreTurn your old devices into savings on new tech with these trade-in offers at Best Buy. Examples of eligible items include Xbox consoles, Apple iPads, MacBook Air laptops, Google Pixel 10 Series s… [+476 chars]","Shop these Mother's Day discounts on Apple devices including $150 off Macbook Air M5, $100 off Apple - 11"" iPad Air M3, $200 off Apple Watch Ultra 2, and more. Ends May 11 at 1am ET Shop Now at Best Buy",json,2026-05-07 12:26:42.330000+00:00,2026-05-06 12:17:39+00:00,Apple Mother's Day Deals at Best Buy: Up to 50% off + free shipping,https://www.dealnews.com/Apple-Mothers-Day-Deals-at-Best-Buy-Up-to-50-off-free-shipping/21826150.html,https://d.dlnws.com/64599/1778069571-apple-macbook-air-front-view-blls.png?h=621&w=1024,,Unknown,Unknown,3.0,,,"Shop these Mother's Day discounts on Apple devices including $150 off Macbook Air M5, $100 off Apple - 11"" iPad Air M3, $200 off Apple Watch Ultra 2, and more. Ends May 11 at 1am ET Shop Now at Best Buy",2026-05-06 00:00:00+00:00,2026
69fc8502ef3b485ee4bc2b4a,newsapi_Apple_page_2.json,Admin,"Apple hat in der Nacht zu heute ein Firmware-Update für das neueste Mitglied seiner AirPods-Familie veröffentlicht. Genau genommen, steht ab sofort das Firmware-Update 8E258 für die AirPods Max 2 ber… [+1121 chars]","Apple hat in der Nacht zu heute ein Firmware-Update für das neueste Mitglied seiner AirPods-Familie veröffentlicht. Genau genommen, steht ab sofort das Firmware-Update 8E258 für die AirPods Max 2 bereit. Dieses löst die bisherige Firmware 8E251 ab. AirPods Ma…",json,2026-05-07 12:33:56.811000+00:00,2026-05-06 12:11:18+00:00,AirPods Max 2: Firmware-Update 8E258 ist da,https://www.macerkopf.de/2026/05/06/airpods-max-2-firmware-update-8e258-ist-da/,https://www.macerkopf.de/wp-content/uploads/2026/03/airpods_max_2.jpeg,,Unknown,Unknown,4.9,,,"Apple hat in der Nacht zu heute ein Firmware-Update für das neueste Mitglied seiner AirPods-Familie veröffentlicht. Genau genommen, steht ab sofort das Firmware-Update 8E258 für die AirPods Max 2 bereit. Dieses löst die bisherige Firmware 8E251 ab. AirPods Ma…",2026-05-06 00:00:00+00:00,2026
69fc8502ef3b485ee4bc2b4d,newsapi_Apple_page_2.json,Unknown,"iPhone 20- Instant Digital, Apple iPhone, 20- 2027 . , . , , , . , , . iPhone 15, . . Apple, , . . , : OLED-, Face ID , , 6000 , , , . , iPhone 2027 . GizmoChina Bose Lifestyle Ultra Coll… [+208 chars]","Apple готовит революционный iPhone к 20-летнему юбилею линейки в 2027 году: вместо механических кнопок — тактильные сенсоры, а дисплей будет изгибаться по всем краям, создавая эффект цельного стекла.",json,2026-05-07 12:33:56.811000+00:00,2026-05-06 12:11:00+00:00,Юбилейный iPhone к 20-летию получит тактильные кнопки и безрамочный изогнутый дисплей,https://zoom.cnews.ru/lenta/post/ubilejnyj_iphone_k_20-letiu_polucit_taktilnye_knopki_i_bezramocnyj_izognutyj_displej,https://static.cnews.ru/ds/2026/05/06/a342343c75bbab0efb481fa780b1450702e068faf2ef8482e04b57e564d34d9d.webp,,Unknown,Unknown,4.4,,,"Apple готовит революционный iPhone к 20-летнему юбилею линейки в 2027 году: вместо механических кнопок — тактильные сенсоры, а дисплей будет изгибаться по всем краям, создавая эффект цельного стекла.",2026-05-06 00:00:00+00:00,2026
69fc8502ef3b485ee4bc2b4e,newsapi_Apple_page_2.json,Никита Показанников,"Apple. iPhone 5s , 4- , . Touch ID — , 2022 ( iPhone SE 3- ). , iPhone 5s . , - - 2025 . 2026- iPhone 5s iOS 12. <table><tr><td></td><td>IPS, 4 , 1136×640, 60 … [+2185 chars]","В истории Apple не так много провалов: почти каждый iPhone был по-своему удачным. Однако есть модели, которые особенно понравились фанатам и оказали огромное влияние на индустрию. В статье — пять лучших iPhone за все время по версии Hi-Tech Mail.В подборке ес…",json,2026-05-07 12:33:56.811000+00:00,2026-05-06 12:10:11+00:00,Топ-5 лучших iPhone за все время: от раритетных до современных,https://hi-tech.mail.ru/compilations/147295-luchshie-iphone-za-vse-vremya/,https://resizer.mail.ru/p/bf566b2c-2ec9-5c72-a40c-f8ca4c5f01ce/AQAKl2B23TtXrC8r3yZy7f30ohNnpbrrHKPj5HiLn8vEuy-VDKvYx8ph2IFAZyeR8pDQRzIZgy3ZFrnLdq0aWMmGTzk.jpg,,Unknown,Unknown,4.3,,,"В истории Apple не так много провалов: почти каждый iPhone был по-своему удачным. Однако есть модели, которые особенно понравились фанатам и оказали огромное влияние на индустрию. В статье — пять лучших iPhone за все время по версии Hi-Tech Mail.В подборке ес…",2026-05-06 00:00:00+00:00,2026
69fc8502ef3b485ee4bc2b50,newsapi_Apple_page_2.json,Unknown,"moreTurn your old devices into savings on new tech with these trade-in offers at Best Buy. Examples of eligible items include Xbox consoles, Apple iPads, MacBook Air laptops, Google Pixel 10 Series s… [+476 chars]","Shop Mother's Day deals including up to $100 off on Apple Watach SE3, up to $150 off Dyson hair care, up to $60 off on Amazon e-readers, up to $70 off select AirPods, and more. Sale ends May 10 2026. Shop Now at Best Buy",json,2026-05-07 12:33:56.811000+00:00,2026-05-06 12:09:54+00:00,Best Buy Mother's Day Deals: Up to 50% off + free shipping,https://www.dealnews.com/Best-Buy-Mothers-Day-Deals-Up-to-50-off-free-shipping/21826145.html,https://d.dlnws.com/64599/1705420909-dn-image-6462230.jpg?h=498&w=503,,Unknown,Unknown,4.6,,,"Shop Mother's Day deals including up to $100 off on Apple Watach SE3, up to $150 off Dyson hair care, up to $60 off on Amazon e-readers, up to $70 off select AirPods, and more. Sale ends May 10 2026. Shop Now at Best Buy",2026-05-06 00:00:00+00:00,2026
69fc8502ef3b485ee4bc2b53,newsapi_Apple_page_2.json,Alessio Marino,"In questo mese di Maggio 2026, abbiamo scelto per voi cinque smartphone che si distinguono per i loro comparti fotografici e che offrono degli ottimi scatti. Samsung Galaxy S26 Ultra In questo mese… [+1938 chars]","Cinque top smartphone di maggio 2026 si distinguono per fotocamere avanzate: Samsung, Apple, Xiaomi, Google e OPPO puntano sull'innovazione foto.In questo mese di Maggio 2026, abbiamo scelto per voi cinque smartphone che si distinguono per i loro comparti fot…",json,2026-05-07 12:26:42.411000+00:00,2026-05-06 12:09:00+00:00,5 migliori telefoni per scattare foto straordinarie a maggio 2026,https://tech.everyeye.it/notizie/5-migliori-telefoni-scattare-foto-straordinarie-maggio-2026-876007.html,https://images.everyeye.it/img-notizie/5-migliori-telefoni-scattare-foto-straordinarie-maggio-2026-v4-876007.jpg,,Unknown,Unknown,4.0,,,"Cinque top smartphone di maggio 2026 si distinguono per fotocamere avanzate: Samsung, Apple, Xiaomi, Google e OPPO puntano sull'innovazione foto.In questo mese di Maggio 2026, abbiamo scelto per voi cinque smartphone che si distinguono per i loro comparti fot…",2026-05-06 00:00:00+00:00,2026
69fc8502ef3b485ee4bc2b55,newsapi_Apple_page_2.json,Nathan Le Gohlisse,"Pour les 20 ans de son iPhone, Apple prépare un modèle spécial dans la lignée de l’iPhone X en 2017. On apprend cette semaine qu’en plus d’envelopper les bords du châssis… l’écran de ce modèle embarq… [+2962 chars]","Pour les 20 ans de son iPhone, Apple prépare un modèle spécial dans la lignée de l'iPhone X en 2017. On apprend cette semaine qu'en plus d'envelopper les bords du châssis... l'écran de ce modèle embarquerait aussi des commandes haptiques.",json,2026-05-07 12:26:42.411000+00:00,2026-05-06 12:08:01+00:00,"Pour ses 20 ans, l’iPhone tenterait une innovation aussi stylée que périlleuse",https://www.frandroid.com/marques/apple/3090453_pour-ses-20-ans-liphone-tenterait-une-innovation-aussi-stylee-que-perilleuse,"https://c0.lestechnophiles.com/images.frandroid.com/wp-content/uploads/2025/10/photo-01856.jpg?resize=1600,900&key=05e1ba39&watermark",,Unknown,Unknown,5.0,,,"Pour les 20 ans de son iPhone, Apple prépare un modèle spécial dans la lignée de l'iPhone X en 2017. On apprend cette semaine qu'en plus d'envelopper les bords du châssis... l'écran de ce modèle embarquerait aussi des commandes haptiques.",2026-05-06 00:00:00+00:00,2026
69fc8502ef3b485ee4bc2b5b,newsapi_Apple_page_2.json,gagadget.com,"« », : Apple . «» Mac mini Mac Studio, , . , , , . , Apple , . , «» . - Apple Mac mini 32 64 . , . «», , . Mac Studio. : Apple Mac Studio: Mac Studio M3 Ultra. 256 , . 96 . , , « ». M3 M4 M… [+235 chars]","Apple радикально пересмотрела линейку Mac, удалив топовые конфигурации памяти и повысив порог входа из-за дефицита компонентов.",json,2026-05-07 12:26:42.411000+00:00,2026-05-06 12:06:01+00:00,Apple «подрезает» крылья: почему исчезают мощные конфигурации Mac?,https://gagadget.com/ru/708651-apple-podrezaet-kryilya-pochemu-ischezayut-moschnyie-konfiguratsii-mac/,https://gagadget.com/media/cache/cd/f4/cdf4cb556e23330365d608cac9193b33.webp,,Unknown,Unknown,4.0,,,"Apple радикально пересмотрела линейку Mac, удалив топовые конфигурации памяти и повысив порог входа из-за дефицита компонентов.",2026-05-06 00:00:00+00:00,2026
69fc8502ef3b485ee4bc2b5d,newsapi_Apple_page_2.json,Unknown,"Apple - Mac . Mac mini 32 64 , Mac Studio M3 Ultra 256 . : Apple Mac Studio M3 Ultra 96 , . Mac Studio M3 Mac Studio M4 Max 9 10 . Mac mini, M4 Pro 48 . 64 . Mac mini M4 16 24 , 32 . Apple Mac … [+195 chars]","Компания Apple убрала из своего онлайн-магазина ещё больше конфигураций настольных компьютеров Mac в связи с продолжающимся глобальным дефицитом памяти. Модели Mac mini с 32 и 64 Гбайт оперативной памяти больше недоступны для покупки, как и Mac Studio M3 Ultr…",json,2026-05-07 12:26:42.411000+00:00,2026-05-06 12:04:00+00:00,Apple урезает семейство Mac: мощные версии исчезают из-за нехватки памяти,https://3dnews.ru/1141268/apple-urezaet-semeystvo-mac-moshchnie-versii-ischezayut-izza-nehvatki-pamyati,https://cdn.3dnews.ru/assets/external/illustrations/2026/05/06/1141268/apple-mac-mini-studio-supply-constraints-main.jpg,,Unknown,Unknown,4.3,,,"Компания Apple убрала из своего онлайн-магазина ещё больше конфигураций настольных компьютеров Mac в связи с продолжающимся глобальным дефицитом памяти. Модели Mac mini с 32 и 64 Гбайт оперативной памяти больше недоступны для покупки, как и Mac Studio M3 Ultr…",2026-05-06 00:00:00+00:00,2026
69fc8502ef3b485ee4bc2b5e,newsapi_Apple_page_3.json,Unknown,"moreTurn your old devices into savings on new tech with these trade-in offers at Best Buy. Examples of eligible items include Xbox consoles, Apple iPads, MacBook Air laptops, Google Pixel 10 Series s… [+476 chars]","As one of today's daily deals, bag this one at a really nice low. It's a savings of more than $100 off. Shipping is free. Buy Now at Best Buy",json,2026-05-07 12:33:56.829000+00:00,2026-05-06 12:03:27+00:00,Bella PRO Programmable Single-Serve Coffee Maker w/ Integrated Burr Grinder for $45 + free shipping,https://www.dealnews.com/Bella-PRO-Programmable-Single-Serve-Coffee-Maker-w-Integrated-Burr-Grinder-for-45-free-shipping/21826142.html,https://d.dlnws.com/64599/1764660994-silver-bella-pro-coffee-maker-ndc4.avif?h=1024&w=543,,Unknown,Unknown,3.4,,,"As one of today's daily deals, bag this one at a really nice low. It's a savings of more than $100 off. Shipping is free. Buy Now at Best Buy",2026-05-06 00:00:00+00:00,2026
69fc8502ef3b485ee4bc2b5f,newsapi_Apple_page_3.json,Nicolas La Rocco,Selbst ein Großkonzern wie Apple kann der vom KI-Boom ausgelösten Speicherkrise nur begrenzt entgegenwirken. Aktuell ist Apples Mittel der Wahl die Einschränkung von RAM- und SSD-Optionen bei Mac min… [+2307 chars],Selbst ein Großkonzern wie Apple kann der vom KI-Boom ausgelösten Speicherkrise nur begrenzt entgegenwirken. Aktuell ist Apples Mittel der Wahl die Einschränkung von RAM- und SSD-Optionen bei Mac mini und Mac Studio. Nach einer ersten reduzierten RAM-Option i…,json,2026-05-07 12:33:56.829000+00:00,2026-05-06 12:03:00+00:00,KI-Boom und Speicherkrise: Apple schränkt RAM des Mac mini und Mac Studio weiter ein,https://www.computerbase.de/news/pc-systeme/ki-boom-und-speicherkrise-apple-schraenkt-ram-des-mac-mini-und-mac-studio-weiter-ein.97222/,https://pics.computerbase.de/1/2/2/5/2/3-cd77d93cf0a76ee0/article-1280x720.d395efaf.jpg,,Unknown,Unknown,4.7,,,Selbst ein Großkonzern wie Apple kann der vom KI-Boom ausgelösten Speicherkrise nur begrenzt entgegenwirken. Aktuell ist Apples Mittel der Wahl die Einschränkung von RAM- und SSD-Optionen bei Mac mini und Mac Studio. Nach einer ersten reduzierten RAM-Option i…,2026-05-06 00:00:00+00:00,2026
69fc8502ef3b485ee4bc2b60,newsapi_Apple_page_3.json,Grupa Wirtualna Polska,"Analitycy ESET wykryli now kampani cyberprzestpców, którzy podszywaj si pod rekruterów Apple. Bazujc na prestiu technologicznego giganta, d do przejcia kont w mediach spoecznociowych potencjalnych ""k… [+2696 chars]","Cyberprzestępcy podszywają się pod rekruterów Apple i próbują przejąć konta kandydatów w mediach społecznościowych. Jak informują analitycy ESET, oszustwo zaczyna się od wiarygodnie wyglądającej wiadomości o pracy, a kończy na stronie służącej do wyłudzenia d…",json,2026-05-07 12:33:56.829000+00:00,2026-05-06 12:03:00+00:00,Apple proponuje ci pracę? To nowe wyrafinowane cyberoszustwo,"https://www.dobreprogramy.pl/apple-proponuje-ci-prace-to-nowe-wyrafinowane-cyberoszustwo,7282964290771008a",https://v.wpimg.pl/MTA0M2RmYjUgUjsBfRZvIGMKb1s7T2F2NBJ3EH1cdGZxSGJUOwEoJiRAIhw1HzgkIEc9HCIBYjUxWWJEY0IpPTJAIVMrQig5I1UpHWQOfDEnCXRRf10rZCMdeQA0VWBscgkoHzELf2VxBH5WNFR8YGNN,,Unknown,Unknown,3.1,,,"Cyberprzestępcy podszywają się pod rekruterów Apple i próbują przejąć konta kandydatów w mediach społecznościowych. Jak informują analitycy ESET, oszustwo zaczyna się od wiarygodnie wyglądającej wiadomości o pracy, a kończy na stronie służącej do wyłudzenia d…",2026-05-06 00:00:00+00:00,2026
69fc8502ef3b485ee4bc2b61,newsapi_Apple_page_3.json,Karthik Iyer,"As part of its wider electronics clearance sale, Woot is offering Insta360’s Go Ultra 4K camera in black for $314.99 Prime shipped (a $6 delivery fee will apply otherwise). You are looking at the sta… [+2040 chars]","As part of its wider electronics clearance sale, Woot is offering Insta360’s Go Ultra 4K camera in black for $314.99 Prime shipped (a $6 delivery fee will apply otherwise). You are looking at the standard bundle that typically goes for $450 at Amazon. Today’s…",json,2026-05-07 12:33:56.829000+00:00,2026-05-06 12:02:12+00:00,"Insta360’s Go Ultra tiny 4K camera with SD storage, Apple Find My support, more hits $315 all-time low (30% off)",http://9to5toys.com/2026/05/06/insta360-go-ultra-tiny-4k-camera-hits-315-all-time-low/,https://i0.wp.com/9to5toys.com/wp-content/uploads/sites/5/2025/12/Insta360-Go-Ultra-camera-1.jpg?resize=1200%2C628&quality=82&strip=all&ssl=1,,Unknown,Unknown,3.1,,,"As part of its wider electronics clearance sale, Woot is offering Insta360’s Go Ultra 4K camera in black for $314.99 Prime shipped (a $6 delivery fee will apply otherwise). You are looking at the standard bundle that typically goes for $450 at Amazon. Today’s…",2026-05-06 00:00:00+00:00,2026
69fc8502ef3b485ee4bc2b64,newsapi_Apple_page_3.json,Sultan Alqahtani,iOS 27 iPadOS 27 macOS 27 WWDC 8 . Apple Intelligence. Siri . . ChatGPT Gemini Claude . .,هذا الموضوع أبل تفتح الذكاء الاصطناعي للمطورين: نظام جديد لدمج نماذج خارجية في iOS 27 وما بعده ظهر على التقنية بلا حدود. تستعد أبل للكشف عن أنظمة iOS 27 وiPadOS 27 وmacOS 27 خلال مؤتمر المطورين WWDC في 8 يونيو، مع توجه جديد نحو توسيع قدرات الذكاء الاصطناعي. و…,json,2026-05-07 12:33:56.829000+00:00,2026-05-06 12:00:44+00:00,أبل تفتح الذكاء الاصطناعي للمطورين: نظام جديد لدمج نماذج خارجية في iOS 27 وما بعده,https://www.unlimit-tech.com/2026/05/%d8%a3%d8%a8%d9%84-%d8%aa%d9%81%d8%aa%d8%ad-%d8%a7%d9%84%d8%b0%d9%83%d8%a7%d8%a1-%d8%a7%d9%84%d8%a7%d8%b5%d8%b7%d9%86%d8%a7%d8%b9%d9%8a-%d9%84%d9%84%d9%85%d8%b7%d9%88%d8%b1%d9%8a%d9%86-%d9%86%d8%b8/,https://i0.wp.com/www.unlimit-tech.com/wp-content/uploads/IMG_1281-1.jpeg?fit=728%2C314&ssl=1,,Unknown,Unknown,3.0,,,هذا الموضوع أبل تفتح الذكاء الاصطناعي للمطورين: نظام جديد لدمج نماذج خارجية في iOS 27 وما بعده ظهر على التقنية بلا حدود. تستعد أبل للكشف عن أنظمة iOS 27 وiPadOS 27 وmacOS 27 خلال مؤتمر المطورين WWDC في 8 يونيو، مع توجه جديد نحو توسيع قدرات الذكاء الاصطناعي. و…,2026-05-06 00:00:00+00:00,2026
69fc8502ef3b485ee4bc2b66,newsapi_Apple_page_3.json,Миша Королев,"Apple CarPlay, iPhone . CarPlay 600-1500 , . , Apple CarPlay , , : , , - . CarPlay , CarPlay : Apple CarPlay — , iPhone . USB- Lightning USB-C. — Bluetooth ( ) Wi-Fi ( ). , , CarPlay . : , , , … [+1564 chars]","Рассказываем, как избавиться от проводов при использовании CarPlay без замены магнитолы. Какие адаптеры выбрать и как их подключить.",json,2026-05-07 12:26:42.432000+00:00,2026-05-06 12:00:35+00:00,Как сделать проводной CarPlay беспроводным: пользуюсь сам и теперь советую всем,https://appleinsider.ru/tips-tricks/kak-sdelat-provodnoj-carplay-besprovodnym-polzuyus-sam-i-teper-sovetuyu-vsem.html,https://appleinsider.ru/wp-content/uploads/2026/05/carplay_wireless_head-1000x526.jpg,,Unknown,Unknown,2.5,,,"Рассказываем, как избавиться от проводов при использовании CarPlay без замены магнитолы. Какие адаптеры выбрать и как их подключить.",2026-05-06 00:00:00+00:00,2026
69fc8502ef3b485ee4bc2b6a,newsapi_Apple_page_3.json,Matt Novak,"When we think of wearables, the first things that come to mind are smartwatches and smart rings. But wearables weren’t invented in the 21st century. Humans have long attached weird little gadgets to … [+6358 chars]",The shockwatch of 1927 walked so Apple Watch could run.,json,2026-05-07 12:26:42.432000+00:00,2026-05-06 12:00:08+00:00,The Weirdest Wearables From 100 Years Ago,https://gizmodo.com/weirdest-wearables-from-100-years-ago-2000746953,https://gizmodo.com/app/uploads/2026/05/The-Next-Interface_Weirdest-wearables_Featured-Image-1200x675.jpg,,Unknown,Unknown,1.6,,,The shockwatch of 1927 walked so Apple Watch could run.,2026-05-06 00:00:00+00:00,2026
69fc8502ef3b485ee4bc2b6b,newsapi_Apple_page_3.json,Roman Mishchenko,", , Mobile . Mobile ! : macOS 49 , StoreKit, Nvidia GPU Mac, Apple Swift 3D-. macOS XNU: ~49 32- TCP. , . . Apple WWDC. , : -, . Apple Tiny Corp Nvidia GPU Apple Silicon. … [+234 chars]","Коротко про головне: критичний баг macOS після 49 днів аптайму, новий формат підписок у StoreKit, неочікуване повернення Nvidia GPU на Mac, зміни в керівництві Apple та розвиток Swift у 3D-графіці. Баг macOS і 49 днів аптайму У macOS знайшли приховану п…",json,2026-05-07 12:26:42.432000+00:00,2026-05-06 12:00:07+00:00,"iOS дайджест #84. Таймер macOS на 49 днів, StoreKit із річним комітментом, Nvidia GPU на Apple Silicon, новий CEO Apple, Untold Engine",https://dou.ua/forums/topic/59301/,https://s.dou.ua/img/announces/iOSDigest84.jpg,,Unknown,Unknown,4.0,,,"Коротко про головне: критичний баг macOS після 49 днів аптайму, новий формат підписок у StoreKit, неочікуване повернення Nvidia GPU на Mac, зміни в керівництві Apple та розвиток Swift у 3D-графіці. Баг macOS і 49 днів аптайму У macOS знайшли приховану п…",2026-05-06 00:00:00+00:00,2026
69fc8502ef3b485ee4bc2b6d,newsapi_Apple_page_3.json,"MacKenzie Sigalos, Jennifer Elias","Apple CEO Tim Cook gestures as he departs after a business leaders reception with the U.S. president on the sidelines of the World Economic Forum annual meeting in Davos on Jan. 21, 2026. For the fi… [+7356 chars]","Apple’s R&D spending has crossed 10% of revenue for the first time in at least 30 years, and increased twice as fast as sales in the latest quarter.",json,2026-05-07 12:26:42.432000+00:00,2026-05-06 12:00:01+00:00,Apple's R&D investments top 10% of sales as AI race creates 'sense of urgency',https://www.cnbc.com/2026/05/06/apples-rd-spending-climbs-to-10percent-of-revenue-on-ai-investments.html,https://image.cnbcfm.com/api/v1/image/108257566-1769524908735-gettyimages-2256932535-AFP_93L849E.jpeg?v=1773762797&w=1920&h=1080,,Unknown,Unknown,4.9,,,"Apple’s R&D spending has crossed 10% of revenue for the first time in at least 30 years, and increased twice as fast as sales in the latest quarter.",2026-05-06 00:00:00+00:00,2026
69fc8502ef3b485ee4bc2b6e,newsapi_Apple_page_3.json,Sergio J. Ortiz,"Existe una larga lista de tablets con excelente relación entre calidad y precio en el mercado, pero ninguna de ellas se acerca a la rentabilidad que ofrece el último iPad Air de Apple. Tiene un diseñ… [+2104 chars]","Existe una larga lista de tablets con excelente relación entre calidad y precio en el mercado, pero ninguna de ellas se acerca a la rentabilidad que ofrece el último iPad Air de Apple. Tiene un diseño impecable, un procesador de primera clase especialmente di…",json,2026-05-07 12:26:42.432000+00:00,2026-05-06 12:00:00+00:00,Este iPad Air con chip M4 y 12 GB de RAM ha caído a su precio más bajo de la historia,https://www.elnacional.cat/es/tecnologia/este-ipad-air-con-chip-m4-12-gb-ram-ha-caido-su-precio-mas-bajo-historia_1635655_102.html,https://www.elnacional.cat/uploads/s1/58/19/12/59/ipad-air-overview-bc2fd15uec0y-og_4_1258x630.jpeg,,Unknown,Unknown,4.5,,,"Existe una larga lista de tablets con excelente relación entre calidad y precio en el mercado, pero ninguna de ellas se acerca a la rentabilidad que ofrece el último iPad Air de Apple. Tiene un diseño impecable, un procesador de primera clase especialmente di…",2026-05-06 00:00:00+00:00,2026
69fc86b4ef3b485ee4bc2b72,newsapi_Apple_page_1.json,Tomasz Szwast,"Wspóczesne smartfony, zwaszcza te ze redniej i wyszej póki cenowej maj jedn, zasadnicz cech wspóln. S naprawd bardzo dobre. Z tego powodu coraz trudniej jest pisa takie recenzje, jak ta, gdzie wypada… [+9429 chars]","Honor postanowił pójść na całość i zrobić smartfon tak podobny do amerykańskiej konkurencji, jak to tylko możliwe. Pozostało tylko sprawdzić, czy taki zabieg mógł przynieść cokolwiek dobrego.",json,2026-05-07 12:42:11.420000+00:00,2026-05-06 12:32:00+00:00,Honor 600 Pro - prętem po kratach Apple (recenzja),https://antyweb.pl/honor-600-pro-pretem-po-kratach-apple-recenzja,"https://static.antyweb.pl/img/w_1250,h_550/wp-content/uploads/2026/05/honor-600-pro-1-8.jpeg",,Unknown,Unknown,4.4,,,"Honor postanowił pójść na całość i zrobić smartfon tak podobny do amerykańskiej konkurencji, jak to tylko możliwe. Pozostało tylko sprawdzić, czy taki zabieg mógł przynieść cokolwiek dobrego.",2026-05-06 00:00:00+00:00,2026
69fc86b4ef3b485ee4bc2b74,newsapi_Apple_page_1.json,Edivaldo Brito,"As atualizações do iOS 26.5 trazem melhorias em segurança, correção de bugs e desempenho para iPhones. A Apple prepara lançamentos de hardware na WWDC 2026, incluindo novos MacBooks, iMacs e acessóri… [+5551 chars]","Confira as novidades em atualizações do iOS 26.5, lançamentos esperados e séries da Apple TV+ para maio de 2026. O post O que esperar das atualizações e lançamentos da Apple em maio de 2026 apareceu primeiro em Blog do Edivaldo - Informações e Notícias sobre …",json,2026-05-07 12:42:11.420000+00:00,2026-05-06 12:30:48+00:00,O que esperar das atualizações e lançamentos da Apple em maio de 2026,https://www.edivaldobrito.com.br/o-que-esperar-das-atualizacoes-e-lancamentos-da-apple-em-maio-de-2026-2/,,,Unknown,Unknown,2.0,,,"Confira as novidades em atualizações do iOS 26.5, lançamentos esperados e séries da Apple TV+ para maio de 2026. O post O que esperar das atualizações e lançamentos da Apple em maio de 2026 apareceu primeiro em Blog do Edivaldo - Informações e Notícias sobre …",2026-05-06 00:00:00+00:00,2026
69fc86b4ef3b485ee4bc2b77,newsapi_Apple_page_1.json,Лиля Леднёва,"Mail iCloud, . «» Apple , , . «» . Mail 13 19 . , . , , , , . 2 , . , . Mail - . .",Оператор даёт возможность абонентам не расходовать интернет-трафик своего тарифа при пользовании Облаком Мail в браузере и мобильном приложении. Предложение приурочено к запуску возможности переноса файлов из iCloud: теперь пользователи могут скачать данные и…,json,2026-05-07 12:33:56.785000+00:00,2026-05-06 12:30:00+00:00,МегаФон обнулит трафик на миграцию файлов из iCloud,https://lifehacker.ru/megafon-obnulit-trafik-na-migraciyu-failov/,https://cdn.lifehacker.ru/wp-content/uploads/2026/05/Gemini_Generated_Image_zdviwizdviwizdvi_1778057952.jpg,,Unknown,Unknown,4.2,,,Оператор даёт возможность абонентам не расходовать интернет-трафик своего тарифа при пользовании Облаком Мail в браузере и мобильном приложении. Предложение приурочено к запуску возможности переноса файлов из iCloud: теперь пользователи могут скачать данные и…,2026-05-06 00:00:00+00:00,2026
69fc88a3ef3b485ee4bc2b94,newsapi_Apple_page_1.json,Макс Вильтовский,"Apple Face ID iPhone, . Android - . Metalenz, , . . , , , . . Apple Android , . : Metalenz Metalenz , . Polar ID Under Display , . . , . OLED- , . : Metalenz Metalenz . , , Face ID Apple. ,… [+25 chars]","Если Metalenz оправдает ожидания по стоимости и лёгкости интеграции, то «чёлка» на экранах может исчезнуть уже в ближайшее время.",json,2026-05-07 12:42:11.420000+00:00,2026-05-06 12:40:00+00:00,Раньше iPhone: в Android скоро появится подэкранная система распознавания лиц,https://lifehacker.ru/chto-nuzhno-znat-o-texnologii-raspoznavaniya-lic/,https://cdn.lifehacker.ru/wp-content/uploads/2026/05/RRQ5DrS2GVCVjzTJMhBKVC_1536x768_1778068104.jpg,,Unknown,Unknown,5.0,,,"Если Metalenz оправдает ожидания по стоимости и лёгкости интеграции, то «чёлка» на экранах может исчезнуть уже в ближайшее время.",2026-05-06 00:00:00+00:00,2026
69fc88a3ef3b485ee4bc2b96,newsapi_Apple_page_1.json,https://www.idnes.cz/novinari/jan-matura.N782,"V poslední dob se velmi eí iPhone pro rok 2027. Ml by nést oznaení iPhone 20, protoe to bude 20 let od pedstavení prvního iPhonu. Telefon by to ml být výjimený pedevím svým vzhledem. Design by ml být… [+1984 chars]",Letošní iPhony 18 se moc neřeší s výjimkou skládacího modelu Ultra. O to víc internet řeší model pro rok 2027. To totiž bude 20 let od představení prvního iPhonu a Apple by měl představit výjimečný výroční model. Podle všeho bude čistota designu ultimátní a A…,json,2026-05-07 12:42:11.420000+00:00,2026-05-06 12:39:00+00:00,"Výjimečný iPhone bude opravdu jiný. Apple má mít řešení, aby to fungovalo",https://www.idnes.cz/mobil/telefony/apple-iphone-20-vyrocni-iphone-bez-ramecku-bez-tlacitek.A260506_132019_telefony_jm,https://1gr.cz/tempimg/fb/2026/4/JM24c7f875_hg6cc50aaaayvjf.jpeg,,Unknown,Unknown,3.6,,,Letošní iPhony 18 se moc neřeší s výjimkou skládacího modelu Ultra. O to víc internet řeší model pro rok 2027. To totiž bude 20 let od představení prvního iPhonu a Apple by měl představit výjimečný výroční model. Podle všeho bude čistota designu ultimátní a A…,2026-05-06 00:00:00+00:00,2026
69fc88a3ef3b485ee4bc2b97,newsapi_Apple_page_1.json,Афанасьев Глеб Александрович,"Apple . , 6 «». , . « ». Apple 2022 . , 28 , , Genius Browse . () Genius Browse, Apple TV. Epic Games Sunflower, . , , .","Американская корпорация Apple подала заявку на регистрацию одноименного товарного знака в России. Соответствующая информация размещена в электронной базе Роспатента, выяснили 6 мая «Известия».Согласно документам, заявка на регистрацию поступила в мае. Заявите…",json,2026-05-07 12:42:11.420000+00:00,2026-05-06 12:38:43+00:00,Apple подала заявку на регистрацию одноименного товарного знака в России,https://iz.ru/2092192/2026-05-06/apple-podala-zaiavku-na-registratciiu-odnoimennogo-tovarnogo-znaka-v-rossii,http://cdn.iz.ru/sites/default/files/styles/900x506/public/news-2026-05/20191207_gaf_u39_3290.jpg?itok=aeevhrIO,,Unknown,Unknown,1.7,,,"Американская корпорация Apple подала заявку на регистрацию одноименного товарного знака в России. Соответствующая информация размещена в электронной базе Роспатента, выяснили 6 мая «Известия».Согласно документам, заявка на регистрацию поступила в мае. Заявите…",2026-05-06 00:00:00+00:00,2026
69fc88a3ef3b485ee4bc2b99,newsapi_Apple_page_1.json,Fabrizio Frattini,"Per vent’anni Apple ha goduto di un privilegio raro nel mondo corporate americano: essere amata dalla sinistra. Difesa della privacy contro i governi, posizioni nette sui diritti civili, Tim Cook dic… [+4428 chars]","Il primo store Apple retail sindacalizzato degli Stati Uniti chiude il 20 giugno. I dipendenti non ottengono il trasferimento garantito agli altri. Sullo sfondo, una serie di scelte di Tim Cook che stanno incrinando l'immagine progressista di Apple. - su maci…",json,2026-05-07 12:42:11.420000+00:00,2026-05-06 12:38:10+00:00,"L’altra Apple, chiuso lo store sindacalizzato",https://www.macitynet.it/laltra-apple-chiuso-lo-store-sindacalizzato/,https://www.macitynet.it/wp-content/uploads/2026/05/negozio-apple.jpg,,Unknown,Unknown,1.1,,,"Il primo store Apple retail sindacalizzato degli Stati Uniti chiude il 20 giugno. I dipendenti non ottengono il trasferimento garantito agli altri. Sullo sfondo, una serie di scelte di Tim Cook che stanno incrinando l'immagine progressista di Apple. - su maci…",2026-05-06 00:00:00+00:00,2026
69fc88a3ef3b485ee4bc2b9a,newsapi_Apple_page_1.json,Tim Hardwick,"Apple is expected to finalize OLED panel approvals for the iPhone 18 Pro and Pro Max this month, with Samsung Display and LG Display likely to dominate panel supply, reports The Elec. This year, Chi… [+1233 chars]","Apple is expected to finalize OLED panel approvals for the iPhone 18 Pro and Pro Max this month, with Samsung Display and LG Display likely to dominate panel supply, reports The Elec. This year, China's BOE has reportedly been closed out of the premium t…",json,2026-05-07 12:42:11.420000+00:00,2026-05-06 12:38:09+00:00,"iPhone 18 Pro's LTPO+ Display Upgrade to Come From Samsung, LG",https://www.macrumors.com/2026/05/06/iphone-18-pro-ltpo-display-upgrade-samsung/,https://images.macrumors.com/t/wwiSeGlH-tncALXcMX--cmziqlM=/2500x/article-new/2026/01/iPhone-18-Pro-with-a-smaller-centered-Dynamic-Island.jpg,,Unknown,Unknown,3.9,,,"Apple is expected to finalize OLED panel approvals for the iPhone 18 Pro and Pro Max this month, with Samsung Display and LG Display likely to dominate panel supply, reports The Elec. This year, China's BOE has reportedly been closed out of the premium t…",2026-05-06 00:00:00+00:00,2026
69fc88a3ef3b485ee4bc2b9f,newsapi_Apple_page_1.json,Unknown,"moreWoot has discounted a new selection of open-box items, with big savings on Apple devices and MacBooks, smartwatches, laptops, vacuum cleaners, and more. They're all new, but won't ship in their o… [+163 chars]","Get deals on a selection of cameras and photo accessories in this sale at eBay. Even better, use promo code ""BRANDS4YOU"" at checkout to get an extra 20% off your order. We've pictured the refurb DJI Osmo Action 5 Pro Standard Combo for $231.20 after coupon (l…",json,2026-05-07 12:42:11.420000+00:00,2026-05-06 12:35:16+00:00,Camera & Photo Outlet Deals at eBay: Up to 60% off + extra 20% off + free shipping,https://www.dealnews.com/Camera-Photo-Outlet-Deals-at-eBay-Up-to-60-off-extra-20-off-free-shipping/21826158.html,https://d.dlnws.com/64599/1778070896-dji-action-5-pro-camera-uavp.webp?h=833&w=1024,,Unknown,Unknown,1.2,,,"Get deals on a selection of cameras and photo accessories in this sale at eBay. Even better, use promo code ""BRANDS4YOU"" at checkout to get an extra 20% off your order. We've pictured the refurb DJI Osmo Action 5 Pro Standard Combo for $231.20 after coupon (l…",2026-05-06 00:00:00+00:00,2026
69fc88a3ef3b485ee4bc2ba1,newsapi_Apple_page_1.json,Malte Kirchner,"Apple hat den Release Candidate von watchOS 26.5 (Build 23T570) für Entwickler freigegeben. Das Update beseitigt zwei Fehler, die insbesondere Nutzer mit Dual-SIM-iPhones und Sportler ohne gekoppelte… [+1966 chars]",Apple hat den Release Candidate von watchOS 26.5 veröffentlicht. Das Update behebt zwei Fehler bei Dual-SIM-iPhones und Training-Alerts.,json,2026-05-07 12:42:11.420000+00:00,2026-05-06 12:35:00+00:00,watchOS 26.5: Apple behebt SMS-Bug bei Dual-SIM und Training-Hinweisen,https://www.heise.de/news/watchOS-26-5-Apple-behebt-SMS-Bug-bei-Dual-SIM-und-Training-Hinweisen-11284282.html,https://heise.cloudimg.io/bound/1200x1200/q85.png-lossy-85.webp-lossy-85.foil1/_www-heise-de_/imgs/18/5/0/7/7/5/0/4/Screenshot_2025-02-11_at_19.29.06-6e6172cb927ddd35.png,,Unknown,Unknown,4.8,,,Apple hat den Release Candidate von watchOS 26.5 veröffentlicht. Das Update behebt zwei Fehler bei Dual-SIM-iPhones und Training-Alerts.,2026-05-06 00:00:00+00:00,2026
69fc88a3ef3b485ee4bc2ba2,newsapi_Apple_page_1.json,Marek Vacovský,"Jak upozornila agentura Reuters, Apple v úterý uzavel smír v oste sledovaném soudním sporu, který se týkal opodného zavádní prvk umlé inteligence do ekosystému iOS. Za ukonení aloby, kterou na firmu … [+2006 chars]","Apple souhlasil se zaplacením 250 milionů dolarů (přibližně 5,2 miliardy korun) za urovnání hromadné žaloby akcionářů. Žaloba podaná v roce 2024 vinila společnost z klamání investorů poté, co Apple nedodržel termíny pro spuštění klíčových AI vylepšení asisten…",json,2026-05-07 12:42:11.420000+00:00,2026-05-06 12:35:00+00:00,Siri AI si dala na čas. Apple teď za její „pozdní příchod“ zaplatí miliardy,https://mobilenet.cz/clanky/siri-ai-si-dala-na-cas-apple-ted-za-jeji-pozdni-prichod-zaplati-miliardy-54449,https://cdn.24net.cz/1/obrazek/ikonka-265981,,Unknown,Unknown,2.4,,,"Apple souhlasil se zaplacením 250 milionů dolarů (přibližně 5,2 miliardy korun) za urovnání hromadné žaloby akcionářů. Žaloba podaná v roce 2024 vinila společnost z klamání investorů poté, co Apple nedodržel termíny pro spuštění klíčových AI vylepšení asisten…",2026-05-06 00:00:00+00:00,2026
